radio,mcc,mnc,operator,lac,cellid,lat,lon,range,averageSignal,created,sample_data,network_type,country,region_type,lat_normalized,lon_normalized,range_normalized,averageSignal_normalized
GSM,262,1,Telekom,4363,13724,48.15221725616709,11.553599120558664,1096,-63,2025-04-06 23:27:29,True,2G,Germany,Munich City Center,0.5089542809822919,0.502512742016984,0.03218790778599391,0.7586206896551724
GSM,262,2,Vodafone,4617,24089,48.141189259757034,11.586348013216847,1441,-65,2024-11-21 22:03:35,True,2G,Germany,Munich City Center,0.47207734080610786,0.5687232841318232,0.06970421922575033,0.6896551724137931
UMTS,262,1,Telekom,2959,31692,48.15885478810161,11.558034832254961,1612,-64,2024-12-17 09:09:39,True,3G,Germany,Munich City Center,0.5311497786017344,0.5114807055796724,0.08829926054806438,0.7241379310344828
LTE,262,2,Vodafone,3990,16101,48.13329860110267,11.566137244363377,1911,-82,2025-07-27 10:19:45,True,4G,Germany,Munich City Center,0.44569146468429516,0.5278618731426616,0.12081339712918661,0.10344827586206896
NR,262,2,Vodafone,1135,15583,48.13960389528075,11.582001265534021,883,-72,2025-03-15 07:54:30,True,5G,Germany,Munich City Center,0.46677597972694895,0.5599351848357573,0.009025663331883427,0.4482758620689655
LTE,262,7,O2,1962,37924,48.15405607148435,11.555804084298915,875,-82,2025-10-02 14:54:12,True,4G,Germany,Munich City Center,0.5151031660497266,0.5069706589947999,0.008155719878207917,0.10344827586206896
GSM,262,1,Telekom,2582,26683,48.15869068889997,11.55464456058376,1689,-85,2024-12-14 03:25:53,True,2G,Germany,Munich City Center,0.530601040987341,0.5046263753398778,0.09667246628969117,0.0
UMTS,262,7,O2,2340,23156,48.15808110112793,11.58895321399027,949,-58,2025-10-03 23:23:16,True,3G,Germany,Munich City Center,0.5285626170555553,0.5739903860557459,0.016202696824706393,0.9310344827586207
NR,262,2,Vodafone,4614,24295,48.15271184970249,11.59489405845342,1780,-60,2025-08-27 01:33:28,True,5G,Germany,Munich City Center,0.5106081712755319,0.5860013733166194,0.10656807307525011,0.8620689655172413
LTE,262,2,Vodafone,4089,20059,48.15085093284796,11.586103472533853,877,-73,2025-03-16 23:32:00,True,4G,Germany,Munich City Center,0.5043853800298924,0.5682288805084961,0.008373205741626795,0.41379310344827586
LTE,262,7,O2,3043,12593,48.13094522928949,11.587971218911594,1807,-61,2024-12-05 09:01:13,True,4G,Germany,Munich City Center,0.4378219344142247,0.5720050234606866,0.10950413223140495,0.8275862068965517
LTE,262,2,Vodafone,3527,16178,48.15366862855511,11.597700604252005,1804,-83,2025-07-04 16:33:10,True,4G,Germany,Munich City Center,0.5138075807782109,0.5916755474248537,0.10917790343627665,0.06896551724137931
UMTS,262,7,O2,2068,18399,48.15603519993179,11.555091554535133,930,-77,2025-09-27 23:19:34,True,3G,Germany,Munich City Center,0.5217212495749314,0.5055300917540895,0.014136581122227055,0.27586206896551724
NR,262,2,Vodafone,4598,33198,48.14833410661291,11.590937024094794,1089,-78,2025-02-04 03:27:42,True,5G,Germany,Munich City Center,0.4959692682492231,0.5780011825075357,0.03142670726402784,0.2413793103448276
LTE,262,2,Vodafone,1644,29576,48.13207628518062,11.599017028793785,1271,-68,2025-02-06 23:52:36,True,4G,Germany,Munich City Center,0.4416041155904036,0.5943370475700437,0.05121792083514572,0.5862068965517241
UMTS,262,1,Telekom,3266,39704,48.15241260422102,11.593313038751297,1063,-78,2024-12-02 02:59:29,True,3G,Germany,Munich City Center,0.5096075128324299,0.5828049241216995,0.028599391039582426,0.2413793103448276
UMTS,262,7,O2,3601,22699,48.13912045123343,11.550612891980377,1557,-63,2024-12-26 14:25:30,True,3G,Germany,Munich City Center,0.4651593726345442,0.4964752916790169,0.08231839930404523,0.7586206896551724
LTE,262,7,O2,1377,45198,48.138942821089536,11.593241332188944,1791,-58,2025-08-04 05:50:09,True,4G,Germany,Munich City Center,0.46456538838334016,0.5826599503536951,0.10776424532405393,0.9310344827586207
LTE,262,7,O2,4134,49920,48.14567625571082,11.593905965130386,1872,-62,2025-09-29 21:59:32,True,4G,Germany,Munich City Center,0.48708157867542323,0.584003681508808,0.11657242279251849,0.7931034482758621
LTE,262,2,Vodafone,1949,23818,48.15620256503159,11.55824957833194,1531,-66,2025-02-05 12:51:09,True,4G,Germany,Munich City Center,0.5222809081514637,0.5119148715321598,0.07949108307959983,0.6551724137931034
GSM,262,7,O2,4116,15112,48.13459673296884,11.58809029761539,1180,-83,2025-03-19 18:10:49,True,2G,Germany,Munich City Center,0.45003233762162115,0.5722457725331792,0.04132231404958678,0.06896551724137931
LTE,262,1,Telekom,4256,46234,48.136697138286564,11.578320131711106,914,-73,2024-11-10 05:30:55,True,4G,Germany,Munich City Center,0.457055963524954,0.5524927998807468,0.012396694214876033,0.41379310344827586
LTE,262,2,Vodafone,2348,17033,48.13366596269381,11.556635346975648,1283,-64,2024-12-28 20:02:20,True,4G,Germany,Munich City Center,0.4469198991991155,0.5086512762004202,0.052522836015658984,0.7241379310344828
LTE,262,1,Telekom,2718,21293,48.13974626734455,11.5614459285652,1921,-63,2025-06-29 04:49:24,True,4G,Germany,Munich City Center,0.46725206313178924,0.5183771383312835,0.12190082644628099,0.7586206896551724
LTE,262,2,Vodafone,1773,41134,48.14806212604496,11.578511796200868,1323,-83,2025-07-20 03:45:12,True,4G,Germany,Munich City Center,0.49505978199621375,0.5528803003041582,0.05687255328403654,0.06896551724137931
LTE,262,7,O2,4974,49172,48.13857642285802,11.566149200744013,987,-82,2025-05-28 09:24:52,True,4G,Germany,Munich City Center,0.4633401752837195,0.5278860461262153,0.02033492822966507,0.10344827586206896
UMTS,262,1,Telekom,2047,46042,48.1573064927069,11.589118406430087,1631,-73,2025-06-17 01:40:54,True,3G,Germany,Munich City Center,0.5259723742462566,0.5743243662335727,0.09036537625054371,0.41379310344827586
LTE,262,7,O2,1743,34861,48.13168950168479,11.556740893703228,972,-68,2025-05-01 21:14:54,True,4G,Germany,Munich City Center,0.4403107354235635,0.5088646668064619,0.018703784254023487,0.5862068965517241
GSM,262,7,O2,3343,16922,48.144571952589985,11.586735118362736,1926,-75,2024-12-04 20:35:39,True,2G,Germany,Munich City Center,0.4833888571139438,0.5695059194970011,0.12244454110482819,0.3448275862068966
UMTS,262,7,O2,4201,14119,48.13552108488686,11.59039109264016,1938,-82,2025-01-07 06:15:54,True,3G,Germany,Munich City Center,0.45312331345396656,0.5768974377810777,0.12374945628534145,0.10344827586206896
GSM,262,7,O2,2078,42580,48.1546920415308,11.59929710734699,1187,-83,2025-09-21 11:58:51,True,2G,Germany,Munich City Center,0.5172298106807949,0.5949033003907418,0.04208351457155285,0.06896551724137931
UMTS,262,2,Vodafone,4582,45596,48.13992224562981,11.579230710749707,1849,-82,2025-02-01 13:38:58,True,3G,Germany,Munich City Center,0.4678405236695561,0.5543337760753765,0.1140713353632014,0.10344827586206896
UMTS,262,7,O2,3736,34218,48.150355926027714,11.59821560089186,869,-63,2025-02-21 07:28:14,True,3G,Germany,Munich City Center,0.5027301077376091,0.5927167492470979,0.007503262287951283,0.7586206896551724
UMTS,262,7,O2,2230,24436,48.1477603096621,11.58785739807735,1448,-74,2024-10-19 09:48:38,True,3G,Germany,Munich City Center,0.49405052661733295,0.5717749045611589,0.0704654197477164,0.3793103448275862
GSM,262,7,O2,1759,13471,48.138116533245814,11.575197699152255,1282,-76,2024-10-20 16:48:30,True,2G,Germany,Munich City Center,0.461802332770313,0.5461799771970508,0.052414093083949544,0.3103448275862069
LTE,262,2,Vodafone,3937,33035,48.153324951427926,11.556725391659493,1518,-80,2024-11-20 06:57:59,True,4G,Germany,Munich City Center,0.5126583456508294,0.5088333253278249,0.07807742496737712,0.1724137931034483
NR,262,7,O2,2842,24431,48.14166178084527,11.557000949948618,816,-69,2025-04-10 14:00:47,True,5G,Germany,Munich City Center,0.4736574221966771,0.5093904392399703,0.0017398869073510222,0.5517241379310345
LTE,262,7,O2,3358,26048,48.15276492169787,11.573974320190189,1625,-59,2025-06-08 01:45:59,True,4G,Germany,Munich City Center,0.5107856407564731,0.5437065932834095,0.08971291866028708,0.896551724137931
LTE,262,7,O2,3862,37759,48.15204683231844,11.556986694143681,936,-62,2025-08-30 23:54:18,True,4G,Germany,Munich City Center,0.5083843941381532,0.5093616173624497,0.01478903871248369,0.7931034482758621
LTE,262,7,O2,3181,36817,48.14241259008855,11.58897532621265,1651,-57,2025-08-24 13:25:57,True,4G,Germany,Munich City Center,0.4761680820226871,0.5740350917575979,0.0925402348847325,0.9655172413793104
UMTS,262,1,Telekom,4766,49605,48.1541090947077,11.595554755351268,833,-70,2025-06-07 17:16:23,True,3G,Germany,Munich City Center,0.5152804724400062,0.5873371467193015,0.0035885167464114833,0.5172413793103449
UMTS,262,7,O2,2152,27709,48.130663776726806,11.583536908437164,1193,-73,2025-02-07 08:47:45,True,3G,Germany,Munich City Center,0.4368807743947144,0.5630398928383493,0.04273597216180948,0.41379310344827586
UMTS,262,1,Telekom,4385,46433,48.14464139226808,11.575581837758259,1051,-62,2024-10-11 05:14:44,True,3G,Germany,Munich City Center,0.48362105911688885,0.5469566149177885,0.02729447585906916,0.7931034482758621
LTE,262,2,Vodafone,1364,34583,48.14941222811609,11.594659817991337,1506,-68,2024-12-30 05:07:56,True,4G,Germany,Munich City Center,0.4995744400952459,0.5855277943122352,0.07677250978686385,0.5862068965517241
UMTS,262,2,Vodafone,2461,22930,48.148409447603456,11.575399248193298,1505,-71,2025-09-10 01:27:12,True,3G,Germany,Munich City Center,0.49622120387723423,0.5465874618533852,0.07666376685515441,0.4827586206896552
NR,262,1,Telekom,4368,47403,48.158641922314,11.566148041580886,914,-57,2024-10-20 21:09:05,True,5G,Germany,Munich City Center,0.5304379685300438,0.5278837025715859,0.012396694214876033,0.9655172413793104
UMTS,262,1,Telekom,1048,34561,48.14008847374558,11.585793766152836,1976,-56,2025-03-18 22:48:50,True,3G,Germany,Munich City Center,0.4683963802415737,0.5676027272031733,0.12788168769030014,1.0
LTE,262,1,Telekom,2565,27202,48.15985197248401,11.582803578219162,908,-65,2025-09-23 15:31:15,True,4G,Germany,Munich City Center,0.5344843017052314,0.5615572719818236,0.0117442366246194,0.6896551724137931
GSM,262,1,Telekom,2713,20073,48.158085518628084,11.56154758688274,1599,-59,2025-07-12 17:10:57,True,2G,Germany,Munich City Center,0.5285773889037665,0.5185826674887135,0.08688560243584167,0.896551724137931
LTE,262,2,Vodafone,4220,31661,48.15076622348439,11.562045860791896,1297,-59,2025-01-24 01:38:04,True,4G,Germany,Munich City Center,0.5041021171400097,0.5195900598909908,0.05404523705959113,0.896551724137931
LTE,262,7,O2,4410,13013,48.14709214301796,11.579496000132847,1158,-59,2024-12-14 13:22:35,True,4G,Germany,Munich City Center,0.4918162185483547,0.554870128679978,0.038929969551979124,0.896551724137931
GSM,262,7,O2,1557,22709,48.13181800831079,11.598303207754363,827,-78,2025-06-29 08:39:26,True,2G,Germany,Munich City Center,0.44074045365913134,0.5928938696743378,0.00293605915615485,0.2413793103448276
GSM,262,1,Telekom,3056,14629,48.13107143884601,11.559227749138861,1148,-66,2025-04-29 11:07:32,True,2G,Germany,Munich City Center,0.4382439713910584,0.513892502351104,0.03784254023488473,0.6551724137931034
NR,262,2,Vodafone,2295,17734,48.14171916347916,11.597529901207059,1777,-69,2025-08-17 18:28:11,True,5G,Germany,Munich City Center,0.4738493061870647,0.5913304261022958,0.10624184428012179,0.5517241379310345
NR,262,1,Telekom,4187,17934,48.13340441760817,11.566204996848972,1772,-57,2025-09-08 08:27:02,True,5G,Germany,Munich City Center,0.4460453085556314,0.5279988526994274,0.1056981296215746,0.9655172413793104
GSM,262,1,Telekom,3562,12007,48.14591754340725,11.577857207575482,817,-68,2024-11-30 23:08:25,True,2G,Germany,Munich City Center,0.4878884298581538,0.5515568763886884,0.0018486298390604612,0.5862068965517241
LTE,262,1,Telekom,2675,30457,48.13430519002393,11.57576943770759,941,-60,2024-12-15 01:03:36,True,4G,Germany,Munich City Center,0.44905743598596787,0.5473358977984525,0.015332753371030882,0.8620689655172413
UMTS,262,1,Telekom,1825,38520,48.141880559842306,11.56538060404625,1936,-66,2025-07-29 01:53:37,True,3G,Germany,Munich City Center,0.47438900567617587,0.5263321247598453,0.12353197042192257,0.6551724137931034
LTE,262,1,Telekom,4975,18234,48.143283572260735,11.579069369502102,1533,-61,2025-10-04 07:14:18,True,4G,Germany,Munich City Center,0.47908059271492914,0.5540075821004874,0.0797085689430187,0.8275862068965517
GSM,262,2,Vodafone,3258,36785,48.153228724305286,11.591264540022397,1706,-61,2025-05-26 17:43:05,True,2G,Germany,Munich City Center,0.5123365680846269,0.5786633425183854,0.09852109612875164,0.8275862068965517
LTE,262,2,Vodafone,1513,41482,48.13264861203843,11.550036774662402,1301,-80,2024-12-26 04:12:18,True,4G,Germany,Munich City Center,0.44351794132193656,0.4953105182516225,0.05448020878642888,0.1724137931034483
LTE,262,2,Vodafone,1710,20811,48.131824293779836,11.556083976756286,1894,-77,2025-08-02 21:15:28,True,4G,Germany,Munich City Center,0.4407614718801623,0.5075365355735842,0.11896476729012614,0.27586206896551724
UMTS,262,7,O2,1014,30047,48.156907112167524,11.593015767997517,1205,-83,2024-12-20 04:46:10,True,3G,Germany,Munich City Center,0.5246368703423264,0.5822039127236013,0.04404088734232275,0.06896551724137931
LTE,262,1,Telekom,4052,20991,48.153454012532976,11.55851175118264,1867,-61,2025-05-16 07:01:32,True,4G,Germany,Munich City Center,0.5130899180301633,0.512444923242727,0.11602870813397129,0.8275862068965517
LTE,262,1,Telekom,4892,18238,48.1515756639792,11.570467513212133,1679,-77,2025-04-25 21:18:41,True,4G,Germany,Munich City Center,0.5068088362568348,0.5366166561202624,0.09558503697259678,0.27586206896551724
LTE,262,1,Telekom,3140,44170,48.144525603956396,11.58743378827066,1868,-69,2025-02-24 10:13:47,True,4G,Germany,Munich City Center,0.48323387014037655,0.5709184653759058,0.11613745106568073,0.5517241379310345
LTE,262,2,Vodafone,4796,16343,48.159125530176084,11.551947898610246,1933,-56,2024-10-12 19:20:11,True,4G,Germany,Munich City Center,0.5320551234089342,0.49917436042656593,0.12320574162679426,1.0
UMTS,262,7,O2,1485,26187,48.14535297196808,11.59292905527991,1573,-81,2025-07-02 11:52:39,True,3G,Germany,Munich City Center,0.48600053776848245,0.5820286000465912,0.08405828621139626,0.13793103448275862
NR,262,1,Telekom,4601,23449,48.13146061237687,11.582218571176641,1415,-68,2025-04-05 08:54:25,True,5G,Germany,Munich City Center,0.4395453436877244,0.5603745256266855,0.06687690300130492,0.5862068965517241
LTE,262,2,Vodafone,2200,18959,48.146105634075205,11.597222823685842,1047,-71,2025-07-30 01:45:00,True,4G,Germany,Munich City Center,0.48851739345697515,0.5907095877318724,0.026859504132231406,0.4827586206896552
GSM,262,1,Telekom,4905,18133,48.13202783408993,11.579301596390737,1578,-76,2024-11-02 11:32:20,True,2G,Germany,Munich City Center,0.44144209812991453,0.5544770901339534,0.08460200086994345,0.3103448275862069
NR,262,7,O2,3393,32469,48.13499341710452,11.570410932209633,1959,-70,2025-02-05 02:57:41,True,5G,Germany,Munich City Center,0.45135882491780577,0.5365022626692215,0.12603305785123967,0.5172413793103449
NR,262,1,Telekom,2811,28123,48.15780052585839,11.580980650581887,1232,-78,2025-01-19 02:28:48,True,5G,Germany,Munich City Center,0.5276243906502466,0.5578717419591804,0.0469769464984776,0.2413793103448276
NR,262,1,Telekom,2510,35789,48.15026451795378,11.589686759890563,1323,-70,2025-06-10 22:45:06,True,5G,Germany,Munich City Center,0.5024244447732065,0.5754734429710294,0.05687255328403654,0.5172413793103449
UMTS,262,2,Vodafone,1559,24994,48.159339550373666,11.575503777546635,1089,-79,2024-12-23 14:46:04,True,3G,Germany,Munich City Center,0.5327707937564081,0.5467987955684994,0.03142670726402784,0.20689655172413793
NR,262,2,Vodafone,2830,34668,48.1596266877257,11.587038510760367,1009,-83,2024-11-13 17:45:51,True,5G,Germany,Munich City Center,0.5337309633610682,0.5701193074161093,0.022727272727272728,0.06896551724137931
LTE,262,7,O2,3569,10650,48.13987085055405,11.577384313613846,1629,-64,2025-03-29 16:15:17,True,4G,Germany,Munich City Center,0.467668661704439,0.5506007962582995,0.09014789038712484,0.7241379310344828
LTE,262,7,O2,4233,33998,48.15865022191569,11.595086802463955,1132,-58,2025-05-29 06:38:04,True,4G,Germany,Munich City Center,0.5304657218864866,0.5863910562765936,0.03610265332753371,0.9310344827586207
LTE,262,1,Telekom,3211,45245,48.151172839591005,11.578119000138662,1328,-58,2025-06-10 14:38:37,True,4G,Germany,Munich City Center,0.5054618163347508,0.5520861592475219,0.05741626794258373,0.9310344827586207
LTE,262,2,Vodafone,2989,28269,48.13314955640233,11.572759684649737,835,-75,2025-02-22 00:14:45,True,4G,Germany,Munich City Center,0.4451930683941832,0.5412508865074693,0.003806002609830361,0.3448275862068966
LTE,262,2,Vodafone,1466,26790,48.14821973110458,11.593241932058447,1787,-77,2025-07-11 01:46:04,True,4G,Germany,Munich City Center,0.49558680360004453,0.5826611631484431,0.10732927359721618,0.27586206896551724
GSM,262,1,Telekom,2967,17181,48.13652506243513,11.580291370266568,1772,-56,2024-11-05 18:46:06,True,2G,Germany,Munich City Center,0.45648055248535674,0.5564781796234186,0.1056981296215746,1.0
LTE,262,2,Vodafone,4930,11859,48.15164050323136,11.586971797624678,1058,-66,2025-03-29 16:09:38,True,4G,Germany,Munich City Center,0.5070256547190566,0.5699844291798805,0.028055676381035233,0.6551724137931034
NR,262,7,O2,1731,19019,48.13488730252968,11.584790468921879,1043,-57,2025-03-19 12:07:57,True,5G,Germany,Munich City Center,0.45100398432095357,0.5655742966770686,0.02642453240539365,0.9655172413793104
LTE,262,7,O2,2700,28208,48.135999962002536,11.581008521133924,1396,-79,2025-06-21 10:31:07,True,4G,Germany,Munich City Center,0.45472464900848314,0.5579280896463729,0.06481078729882557,0.20689655172413793
LTE,262,1,Telekom,4209,34220,48.152236178143596,11.55206217126286,1447,-81,2025-07-10 22:45:50,True,4G,Germany,Munich City Center,0.5090175549052818,0.49940539279634405,0.07035667681600696,0.13793103448275862
GSM,262,2,Vodafone,2219,19077,48.14209766141559,11.59052141667178,898,-73,2025-07-09 04:06:01,True,2G,Germany,Munich City Center,0.47511497995404683,0.577160922255933,0.010656807307525011,0.41379310344827586
LTE,262,7,O2,3845,16524,48.14672838605381,11.558481022849133,1230,-60,2025-02-09 22:15:30,True,4G,Germany,Munich City Center,0.4905998376839815,0.5123827977949728,0.046759460635058724,0.8620689655172413
LTE,262,1,Telekom,4545,49992,48.1511720749637,11.58894623257053,1586,-80,2025-05-24 15:55:13,True,4G,Germany,Munich City Center,0.5054592594681885,0.5739762712705381,0.08547194432361896,0.1724137931034483
GSM,262,2,Vodafone,1745,43099,48.14329122063986,11.570650376863638,1074,-58,2024-11-30 18:29:09,True,2G,Germany,Munich City Center,0.47910616842323905,0.5369863633230554,0.029795563288386256,0.9310344827586207
GSM,262,2,Vodafone,2534,31260,48.13052689581205,11.55384144814256,1161,-79,2025-07-31 16:30:42,True,2G,Germany,Munich City Center,0.4364230530537611,0.5030026712755579,0.03925619834710744,0.20689655172413793
NR,262,7,O2,1567,43181,48.141006103799945,11.556363298107991,1700,-65,2025-04-17 20:23:54,True,5G,Germany,Munich City Center,0.471464878576222,0.5081012575113205,0.09786863853849499,0.6896551724137931
NR,262,7,O2,3480,38455,48.13486145251115,11.56217901112879,1109,-57,2025-09-16 16:46:18,True,5G,Germany,Munich City Center,0.45091754345252966,0.5198592584889586,0.03360156589821662,0.9655172413793104
LTE,262,1,Telekom,2515,19739,48.148010517566284,11.56679268577377,890,-80,2025-08-30 19:56:00,True,4G,Germany,Munich City Center,0.4948872064249104,0.5291870211884162,0.0097868638538495,0.1724137931034483
LTE,262,2,Vodafone,2763,31654,48.15039605634729,11.557497618084149,1255,-59,2025-06-20 21:39:57,True,4G,Germany,Munich City Center,0.5028643010524436,0.5103945851464564,0.04947803392779469,0.896551724137931
UMTS,262,2,Vodafone,2686,32155,48.15832744984679,11.573793312051682,962,-83,2025-01-30 23:07:35,True,3G,Germany,Munich City Center,0.5293863919852986,0.543340637490559,0.0176163549369291,0.06896551724137931
UMTS,262,7,O2,1028,31594,48.15729218331314,11.572023016174798,1842,-79,2025-02-24 06:07:21,True,3G,Germany,Munich City Center,0.5259245245156156,0.5397615164822374,0.11331013484123532,0.20689655172413793
GSM,262,2,Vodafone,3702,44813,48.139825013705774,11.575684436891006,1999,-81,2025-04-27 16:31:42,True,2G,Germany,Munich City Center,0.46751538610942067,0.5471640461818191,0.1303827751196172,0.13793103448275862
LTE,262,1,Telekom,4552,41664,48.143186647763,11.550129436301765,1442,-65,2025-06-17 12:27:46,True,4G,Germany,Munich City Center,0.47875648316940594,0.4954978582462742,0.06981296215745976,0.6896551724137931
LTE,262,1,Telekom,4294,45356,48.13156156233079,11.589064777596672,1609,-57,2025-02-26 22:27:07,True,4G,Germany,Munich City Center,0.43988291411058256,0.5742159413726026,0.08797303175293605,0.9655172413793104
UMTS,262,2,Vodafone,1284,11964,48.13207514004449,11.555308932697468,1272,-83,2025-10-05 03:50:20,True,3G,Germany,Munich City Center,0.4416002863257947,0.505969579162788,0.05132666376685516,0.06896551724137931
NR,262,1,Telekom,4917,39970,48.14577866092527,11.597895794139971,1183,-66,2025-03-13 01:12:10,True,5G,Germany,Munich City Center,0.4874240153997869,0.5920701753725063,0.04164854284471509,0.6551724137931034
LTE,262,1,Telekom,2054,18585,48.156516806874315,11.599305902445606,1685,-84,2025-06-25 09:51:42,True,4G,Germany,Munich City Center,0.5233317135021425,0.5949210820071577,0.09623749456285341,0.034482758620689655
LTE,262,2,Vodafone,1807,19763,48.15462876156469,11.55368674773088,1826,-78,2024-10-22 17:03:18,True,4G,Germany,Munich City Center,0.5170182063749952,0.5026899035056803,0.1115702479338843,0.2413793103448276
GSM,262,1,Telekom,4408,15359,48.14477054981956,11.576192312341256,1291,-69,2025-04-19 13:29:43,True,2G,Germany,Munich City Center,0.4840529540071555,0.5481908506371282,0.053392779469334496,0.5517241379310345
NR,262,1,Telekom,1446,31461,48.159441378576396,11.575474914305724,1034,-75,2025-02-27 01:02:42,True,5G,Germany,Munich City Center,0.5331113009891553,0.5467404408983796,0.0254458460200087,0.3448275862068966
LTE,262,7,O2,1055,32621,48.13439088244386,11.596167802862476,1082,-62,2025-05-18 03:35:27,True,4G,Germany,Munich City Center,0.4493439861557176,0.5885765842930522,0.030665506742061765,0.7931034482758621
LTE,262,7,O2,2297,32321,48.152108863597874,11.579910601238675,1908,-71,2025-01-05 07:35:25,True,4G,Germany,Munich City Center,0.5085918229126721,0.5557083543954172,0.12048716833405829,0.4827586206896552
LTE,262,2,Vodafone,3875,23967,48.153505446533885,11.57752818082282,1072,-66,2025-04-24 08:26:50,True,4G,Germany,Munich City Center,0.5132619101585625,0.5508916618456697,0.02957807742496738,0.6551724137931034
LTE,262,2,Vodafone,4107,48080,48.13289907313858,11.56790130044091,932,-75,2025-06-18 10:55:29,True,4G,Germany,Munich City Center,0.4443554678012085,0.5314283787474023,0.014354066985645933,0.3448275862068966
GSM,262,2,Vodafone,2682,45095,48.137305440117146,11.560643251587061,1632,-77,2025-02-19 04:08:56,True,2G,Germany,Munich City Center,0.4590900873477513,0.5167543146706356,0.09047411918225315,0.27586206896551724
NR,262,2,Vodafone,2041,36432,48.158177254696945,11.554255334382008,1363,-68,2025-02-04 16:12:16,True,5G,Germany,Munich City Center,0.5288841486629805,0.5038394516996703,0.061222270552414096,0.5862068965517241
LTE,262,1,Telekom,3732,46705,48.13940610078082,11.585183400286713,1352,-84,2025-04-25 03:37:33,True,4G,Germany,Munich City Center,0.4661145671121844,0.5663687112837278,0.06002609830361026,0.034482758620689655
LTE,262,7,O2,4404,20259,48.14295267153434,11.553005080401006,913,-85,2025-09-04 14:55:52,True,4G,Germany,Munich City Center,0.47797408108418066,0.5013117328321224,0.012287951283166594,0.0
GSM,262,1,Telekom,3214,47147,48.15483445613243,11.593455881212988,1204,-80,2025-09-23 18:13:03,True,2G,Germany,Munich City Center,0.517706036329508,0.5830937179115913,0.043932144410613314,0.1724137931034483
NR,262,7,O2,4100,15194,48.15116462101245,11.551278720529318,1126,-78,2025-01-08 14:58:26,True,5G,Germany,Munich City Center,0.5054343339146883,0.49782144007069123,0.035450195737277077,0.2413793103448276
GSM,262,2,Vodafone,1025,26961,48.14209888943109,11.571068919598948,1172,-58,2025-08-23 10:32:45,True,2G,Germany,Munich City Center,0.47511908636217487,0.5378325580842765,0.040452370595911266,0.9310344827586207
NR,262,2,Vodafone,4381,38126,48.130786642140954,11.598254693342444,1483,-65,2025-01-05 15:37:55,True,5G,Germany,Munich City Center,0.43729162876560856,0.5927957849681751,0.07427142235754676,0.6896551724137931
NR,262,1,Telekom,2659,37196,48.133851239641885,11.58820577295548,1082,-62,2025-03-03 03:07:58,True,5G,Germany,Munich City Center,0.4475394538921058,0.5724792364535645,0.030665506742061765,0.7931034482758621
UMTS,262,7,O2,2529,13555,48.13223431209318,11.555231550402524,1184,-70,2025-07-22 14:09:20,True,3G,Germany,Munich City Center,0.4421325478444789,0.5058131304012446,0.041757285776424534,0.5172413793103449
LTE,262,1,Telekom,3828,28701,48.14449895915839,11.573757389459352,1184,-62,2025-01-28 10:23:37,True,4G,Germany,Munich City Center,0.4831447715783611,0.5432680104757415,0.041757285776424534,0.7931034482758621
GSM,262,1,Telekom,1507,42295,48.137957632391235,11.594822320134131,1535,-73,2025-02-18 05:41:23,True,2G,Germany,Munich City Center,0.4612709781080173,0.5858563353435777,0.07992605480643758,0.41379310344827586
UMTS,262,7,O2,1582,49154,48.150148634531206,11.596868268816161,992,-63,2025-05-15 14:20:32,True,3G,Germany,Munich City Center,0.5020369377517357,0.5899927613531599,0.020878642888212267,0.7586206896551724
LTE,262,7,O2,2937,24433,48.15411364866719,11.570930347663465,1783,-72,2025-05-29 13:55:45,True,4G,Germany,Munich City Center,0.5152957005998199,0.5375523982918208,0.10689430187037842,0.4482758620689655
LTE,262,2,Vodafone,3083,39343,48.15319972136673,11.57526646538304,1769,-82,2025-04-07 03:58:08,True,4G,Germany,Munich City Center,0.5122395840459841,0.5463190063076515,0.10537190082644628,0.10344827586206896
LTE,262,2,Vodafone,2021,45219,48.14790524773178,11.558803191212311,1239,-56,2025-04-12 10:10:35,True,4G,Germany,Munich City Center,0.4945351905876631,0.5130341462909638,0.04773814702044367,1.0
LTE,262,7,O2,4630,27543,48.13211392593474,11.57705104930965,1650,-74,2025-07-13 13:11:03,True,4G,Germany,Munich City Center,0.44172998395183105,0.5499270143848592,0.09243149195302305,0.3793103448275862
LTE,262,1,Telekom,2613,40117,48.138515318457486,11.556182018439886,1524,-65,2024-10-16 03:43:41,True,4G,Germany,Munich City Center,0.46313584593509544,0.5077347527496202,0.07872988255763376,0.6896551724137931
LTE,262,1,Telekom,4290,25537,48.14726837119119,11.557631483437692,1219,-60,2025-05-03 18:16:40,True,4G,Germany,Munich City Center,0.49240551469608257,0.5106652293395599,0.045563288386254897,0.8620689655172413
LTE,262,1,Telekom,3012,38135,48.13450369864175,11.581380595399235,1717,-66,2025-03-13 17:21:37,True,4G,Germany,Munich City Center,0.4497212365669294,0.5586803361137677,0.09971726837755546,0.6551724137931034
UMTS,262,1,Telekom,1124,16955,48.131244902999754,11.599582820390868,1307,-84,2025-06-01 05:59:56,True,3G,Germany,Munich City Center,0.43882402482801797,0.5954809448235443,0.05513266637668551,0.034482758620689655
UMTS,262,1,Telekom,1401,37343,48.15817031831153,11.59630963755724,1296,-72,2025-08-13 07:42:20,True,3G,Germany,Munich City Center,0.5288609538177349,0.5888633406157482,0.053936494127881686,0.4482758620689655
LTE,262,1,Telekom,2007,49650,48.14998533487373,11.550994741084244,1001,-77,2025-09-07 03:36:43,True,4G,Germany,Munich City Center,0.5014908737637277,0.49724730056606525,0.021857329273597216,0.27586206896551724
LTE,262,2,Vodafone,1434,28686,48.13059942070146,11.587774308768463,1278,-81,2025-09-17 09:02:18,True,4G,Germany,Munich City Center,0.4366655718131676,0.5716069175625508,0.05197912135711179,0.13793103448275862
LTE,262,2,Vodafone,4988,40210,48.13158044487744,11.599334185934612,1926,-68,2025-04-23 08:31:43,True,4G,Germany,Munich City Center,0.4399460561825859,0.5949782645555751,0.12244454110482819,0.5862068965517241
GSM,262,2,Vodafone,2437,44305,48.15638984522811,11.581429247749417,1370,-72,2024-11-13 18:32:12,True,2G,Germany,Munich City Center,0.5229071615837713,0.5587786996985874,0.06198347107438017,0.4482758620689655
LTE,262,1,Telekom,2316,44593,48.1470431999109,11.582059820584368,1394,-61,2024-12-06 13:18:10,True,4G,Germany,Munich City Center,0.49165255581543427,0.5600535693462644,0.0645933014354067,0.8275862068965517
NR,262,1,Telekom,4088,28206,48.134209700657024,11.586392563082276,1291,-77,2025-08-08 23:48:15,True,5G,Germany,Munich City Center,0.44873812542946045,0.5688133534594173,0.053392779469334496,0.27586206896551724
LTE,262,1,Telekom,1161,47631,48.144606112245704,11.580802075669709,981,-75,2025-06-02 06:43:59,True,4G,Germany,Munich City Center,0.4835030848969023,0.5575107055764592,0.01968247063940844,0.3448275862068966
LTE,262,7,O2,1686,10017,48.15319905818222,11.58216437261658,1429,-83,2025-03-08 21:23:23,True,4G,Germany,Munich City Center,0.5122373663978468,0.5602649489127197,0.06839930404523706,0.06896551724137931
GSM,262,7,O2,4474,34987,48.146185906556774,11.555798328571186,1462,-58,2024-10-24 17:05:18,True,2G,Germany,Munich City Center,0.48878581968695617,0.5069590222699436,0.07198782079164855,0.9310344827586207
NR,262,2,Vodafone,3209,45100,48.15790388499736,11.575450183514548,1873,-63,2025-03-27 00:18:39,True,5G,Germany,Munich City Center,0.5279700172394,0.5466904410676119,0.11668116572422793,0.7586206896551724
LTE,262,2,Vodafone,4307,36985,48.135169713113775,11.551109088532867,1932,-78,2025-03-06 17:26:07,True,4G,Germany,Munich City Center,0.4519483479050248,0.4974784841557451,0.12309699869508482,0.2413793103448276
UMTS,262,1,Telekom,3439,22891,48.15246102891129,11.598262695321822,813,-73,2025-06-11 08:39:43,True,3G,Germany,Munich City Center,0.5097694420115609,0.5928119630844285,0.0014136581122227054,0.41379310344827586
UMTS,262,1,Telekom,2973,44712,48.157485924073804,11.568450687613945,1691,-61,2025-08-03 07:46:50,True,3G,Germany,Munich City Center,0.5265723816761606,0.5325391101219625,0.09688995215311005,0.8275862068965517
UMTS,262,7,O2,4085,40316,48.1552041458032,11.584624626197781,1566,-77,2025-09-20 12:30:01,True,3G,Germany,Munich City Center,0.5189422557991014,0.5652390017776987,0.08329708568943019,0.27586206896551724
LTE,262,1,Telekom,4729,13898,48.13763993206138,11.56629632360263,1356,-84,2024-11-12 23:52:51,True,4G,Germany,Munich City Center,0.4602086077895782,0.5281834938698148,0.06046107003044802,0.034482758620689655
NR,262,7,O2,4057,20972,48.153225853796336,11.587954796623164,1115,-75,2025-04-18 02:15:25,True,5G,Germany,Munich City Center,0.5123269692796484,0.5719718214641765,0.03425402348847325,0.3448275862068966
UMTS,262,1,Telekom,4324,38862,48.14050076108359,11.591479661813585,1315,-66,2025-10-01 05:32:28,True,3G,Germany,Munich City Center,0.4697750436844877,0.5790982680764467,0.056002609830361025,0.6551724137931034
GSM,262,2,Vodafone,1579,22047,48.137847831942715,11.586020211097665,1747,-58,2025-01-01 19:03:53,True,2G,Germany,Munich City Center,0.4609038121767971,0.5680605455090557,0.10297955632883862,0.9310344827586207
LTE,262,7,O2,3165,15266,48.15864452237999,11.587623459194482,1286,-78,2025-01-06 05:57:34,True,4G,Germany,Munich City Center,0.5304466629904339,0.5713019352788659,0.0528490648107873,0.2413793103448276
LTE,262,7,O2,3975,46902,48.15315114410835,11.574661608072246,1859,-60,2025-04-10 03:43:23,True,4G,Germany,Munich City Center,0.5120771446884889,0.5450961273887277,0.11515876468029577,0.8620689655172413
LTE,262,1,Telekom,2217,24033,48.15434655057679,11.580726580506196,1181,-83,2025-08-30 20:29:49,True,4G,Germany,Munich City Center,0.5160745102283156,0.557358072149876,0.04143105698129622,0.06896551724137931
GSM,262,2,Vodafone,2404,10612,48.15589907872026,11.562610672984565,1545,-61,2024-12-29 05:09:20,True,2G,Germany,Munich City Center,0.5212660686347359,0.5207319770196105,0.08101348412353197,0.8275862068965517
UMTS,262,7,O2,3191,10592,48.154230182389355,11.577083873668855,1011,-79,2025-03-15 15:42:21,True,3G,Germany,Munich City Center,0.5156853821830325,0.5499933775025425,0.022944758590691606,0.20689655172413793
NR,262,7,O2,4544,29281,48.14692733866974,11.578807030149154,1528,-62,2025-03-14 05:02:13,True,5G,Germany,Munich City Center,0.49126512296725666,0.5534771937616181,0.07916485428447151,0.7931034482758621
LTE,262,7,O2,1605,18832,48.14661149946946,11.598506799822799,1776,-80,2025-06-26 20:37:59,True,4G,Germany,Munich City Center,0.4902089761513661,0.5933054848505248,0.10613310134841235,0.1724137931034483
NR,262,1,Telekom,1401,36672,48.14726766005436,11.58332027220811,939,-66,2024-12-20 08:42:12,True,5G,Germany,Munich City Center,0.4924031366983688,0.562601905443873,0.015115267507612004,0.6551724137931034
LTE,262,2,Vodafone,2034,39688,48.15262933289052,11.568820655674262,804,-66,2024-11-24 13:44:45,True,4G,Germany,Munich City Center,0.5103322401430337,0.5332870983392882,0.00043497172683775554,0.6551724137931034
GSM,262,2,Vodafone,3429,23576,48.14024369928814,11.57547491469448,1737,-81,2025-07-01 18:42:35,True,2G,Germany,Munich City Center,0.46891544488705317,0.546740441684352,0.10189212701174424,0.13793103448275862
NR,262,1,Telekom,4068,28692,48.14681782427473,11.579270790676324,991,-56,2024-12-04 04:09:59,True,5G,Germany,Munich City Center,0.4908989135813275,0.5544148082402474,0.020769899956502826,1.0
LTE,262,7,O2,2031,12993,48.13710255217472,11.585881642784589,1393,-83,2025-03-02 06:32:12,True,4G,Germany,Munich City Center,0.4584116425752639,0.5677803930402536,0.06448455850369726,0.06896551724137931
LTE,262,2,Vodafone,2086,18094,48.144510809459916,11.570635118530417,1194,-70,2024-11-14 22:03:06,True,4G,Germany,Munich City Center,0.4831843982561536,0.5369555145696373,0.04284471509351892,0.5172413793103449
GSM,262,2,Vodafone,1203,17746,48.14949936436479,11.560026164639202,1604,-76,2025-07-14 02:11:27,True,2G,Germany,Munich City Center,0.49986581833940485,0.5155067103080645,0.08742931709438886,0.3103448275862069
LTE,262,1,Telekom,3781,23438,48.14339788450507,11.588283676038705,1490,-63,2025-09-14 12:07:42,True,4G,Germany,Munich City Center,0.4794628458132264,0.5726367381262651,0.07503262287951283,0.7586206896551724
NR,262,1,Telekom,1694,48983,48.154280491059765,11.581427999442948,887,-83,2025-01-26 19:37:01,True,5G,Germany,Munich City Center,0.5158536112756138,0.5587761759171286,0.009460635058721183,0.06896551724137931
LTE,262,7,O2,3669,10488,48.14154115327957,11.551729306278588,824,-70,2025-05-27 06:11:19,True,4G,Germany,Munich City Center,0.47325405105304386,0.4987324182536726,0.0026098303610265334,0.5172413793103449
NR,262,2,Vodafone,4925,46788,48.13774035270243,11.598535950215423,1475,-84,2025-05-16 23:22:14,True,5G,Germany,Munich City Center,0.46054440822282555,0.5933644200737292,0.07340147890387125,0.034482758620689655
LTE,262,2,Vodafone,4995,45522,48.152726248039045,11.566595183733249,1129,-64,2025-03-01 18:30:33,True,4G,Germany,Munich City Center,0.510656318425383,0.5287877186132672,0.03577642453240539,0.7241379310344828
UMTS,262,2,Vodafone,4446,42958,48.13933364392804,11.592730076018357,861,-63,2025-05-19 03:21:31,True,3G,Germany,Munich City Center,0.46587227586308827,0.5816263108786937,0.006633318834275772,0.7586206896551724
LTE,262,7,O2,3099,36365,48.15911156931667,11.589393717574689,1209,-65,2024-10-26 05:33:22,True,4G,Germany,Munich City Center,0.5320084391556738,0.574880980477743,0.0444758590691605,0.6896551724137931
NR,262,7,O2,1051,25747,48.14023964225201,11.583729289628502,1962,-82,2025-04-14 06:55:27,True,5G,Germany,Munich City Center,0.46890187840833225,0.563428842263423,0.12635928664636797,0.10344827586206896
LTE,262,7,O2,2100,19120,48.15674024929989,11.576826898525747,1474,-58,2025-03-05 17:19:47,True,4G,Germany,Munich City Center,0.5240788911991826,0.549473834331639,0.07329273597216181,0.9310344827586207
NR,262,1,Telekom,3292,15546,48.13529025910205,11.5980464336864,1818,-62,2025-04-22 03:44:26,True,5G,Germany,Munich City Center,0.4523514462587753,0.5923747330299863,0.11070030448020879,0.7931034482758621
NR,262,7,O2,3281,42217,48.13948605569986,11.557448876771252,1873,-68,2025-10-05 18:58:57,True,5G,Germany,Munich City Center,0.4663819314326618,0.5102960416999963,0.11668116572422793,0.5862068965517241
LTE,262,2,Vodafone,1737,26392,48.140137412341176,11.598070774904352,841,-77,2025-07-23 06:44:36,True,4G,Germany,Munich City Center,0.46856002788843926,0.5924239452355141,0.004458460200086995,0.27586206896551724
NR,262,1,Telekom,2069,38244,48.155669817412445,11.562269658663869,1721,-66,2025-04-30 02:34:27,True,5G,Germany,Munich City Center,0.5204994329541772,0.5200425264394675,0.10015224010439322,0.6551724137931034
NR,262,1,Telekom,2359,24822,48.151280854293645,11.553748859687188,1478,-69,2025-07-09 23:25:15,True,5G,Germany,Munich City Center,0.5058230108418301,0.5028154792416855,0.07372770769899957,0.5517241379310345
GSM,262,7,O2,1766,44872,48.137319739803814,11.589427029002586,835,-83,2025-07-05 01:19:55,True,2G,Germany,Munich City Center,0.4591379046184691,0.5749483283335224,0.003806002609830361,0.06896551724137931
UMTS,262,7,O2,3397,44985,48.14226689689459,11.590110789047257,1294,-83,2024-11-07 20:04:38,True,3G,Germany,Munich City Center,0.47568089296332755,0.5763307299831498,0.05371900826446281,0.06896551724137931
LTE,262,1,Telekom,2227,13516,48.13604693294011,11.568848687464275,853,-63,2025-03-03 17:45:39,True,4G,Germany,Munich City Center,0.4548817169282181,0.5333437720116644,0.005763375380600261,0.7586206896551724
LTE,262,2,Vodafone,3696,13123,48.15576570463771,11.564952144881309,1718,-62,2025-08-05 06:51:33,True,4G,Germany,Munich City Center,0.5208200739245072,0.5254658813151898,0.0998260113092649,0.7931034482758621
UMTS,262,7,O2,4674,28592,48.15999461066674,11.572181831527486,827,-71,2025-08-02 02:34:50,True,3G,Germany,Munich City Center,0.5349612749953732,0.5400826036929516,0.00293605915615485,0.4827586206896552
LTE,262,7,O2,2593,26305,48.13205388148696,11.560039732028752,1201,-64,2024-10-23 02:14:23,True,4G,Germany,Munich City Center,0.44152919901989063,0.5155341403719308,0.04360591561548499,0.7241379310344828
GSM,262,1,Telekom,2334,22169,48.157935774684304,11.598575728280219,886,-76,2025-06-03 19:02:49,True,2G,Germany,Munich City Center,0.5280766543867077,0.5934448419451465,0.009351892127011744,0.3103448275862069
LTE,262,7,O2,2796,41757,48.152952834697246,11.55995994299187,1460,-70,2025-07-13 02:06:40,True,4G,Germany,Munich City Center,0.5114140102425084,0.5153728257454521,0.07177033492822966,0.5172413793103449
LTE,262,2,Vodafone,2411,46123,48.15303241045407,11.564274012270877,1994,-82,2025-09-30 02:04:24,True,4G,Germany,Munich City Center,0.5116801066678842,0.524094857011221,0.12983906046107002,0.10344827586206896
UMTS,262,1,Telekom,4390,23838,48.14439545646779,11.56588832670912,1918,-69,2025-03-11 11:25:10,True,3G,Germany,Munich City Center,0.4827986649614027,0.5273586203150817,0.12157459765115268,0.5517241379310345
LTE,262,1,Telekom,2220,37134,48.15477212519662,11.597427658139267,1648,-75,2025-06-01 22:05:24,True,4G,Germany,Munich City Center,0.5174976055225573,0.591123714717681,0.09221400608960417,0.3448275862068966
NR,262,7,O2,3183,16288,48.157209932962715,11.573486805698831,890,-75,2025-05-25 04:03:41,True,5G,Germany,Munich City Center,0.5256494844141076,0.5427209538879485,0.0097868638538495,0.3448275862068966
NR,262,1,Telekom,3290,30801,48.14629472153697,11.5997839474386,1037,-58,2025-08-13 11:05:56,True,5G,Germany,Munich City Center,0.48914969027284455,0.5958875763088695,0.025772074815137016,0.9310344827586207
NR,262,7,O2,3392,36518,48.15275885191319,11.597888308661874,1948,-80,2025-01-06 15:37:06,True,5G,Germany,Munich City Center,0.5107653437706675,0.5920550415001046,0.12483688560243585,0.1724137931034483
LTE,262,1,Telekom,2445,12241,48.138013094581844,11.579508227309427,1948,-68,2025-05-05 03:41:32,True,4G,Germany,Munich City Center,0.4614564402544562,0.5548948491491041,0.12483688560243585,0.5862068965517241
NR,262,1,Telekom,2616,23498,48.134435118131336,11.568756270817785,1346,-60,2025-09-02 16:28:25,True,5G,Germany,Munich City Center,0.4494919075677345,0.5331569273348561,0.05937364071335363,0.8620689655172413
LTE,262,1,Telekom,3790,29909,48.1373477384348,11.564557483113925,964,-75,2025-05-26 23:39:08,True,4G,Germany,Munich City Center,0.4592315303145067,0.5246679682424262,0.01783384080034798,0.3448275862068966
NR,262,2,Vodafone,1119,43269,48.14301083337518,11.55557488631651,1475,-68,2025-07-13 14:58:33,True,5G,Germany,Munich City Center,0.47816857069457375,0.5065072746958241,0.07340147890387125,0.5862068965517241
LTE,262,1,Telekom,1411,22139,48.143151849039036,11.585302166216565,1574,-69,2025-03-15 17:25:43,True,4G,Germany,Munich City Center,0.478640118381624,0.5666088280010264,0.0841670291431057,0.5517241379310345
LTE,262,7,O2,4376,23129,48.1418243831041,11.55632678296861,1941,-60,2024-10-29 16:59:27,True,4G,Germany,Munich City Center,0.47420115412662345,0.508027432506027,0.12407568508046977,0.8620689655172413
LTE,262,7,O2,1942,34965,48.13731789128059,11.558068973254382,1202,-71,2025-03-30 09:56:19,True,4G,Germany,Munich City Center,0.45913172327075313,0.5115497306335459,0.04371465854719443,0.4827586206896552
NR,262,2,Vodafone,3148,31745,48.146341145181985,11.59312091802402,1335,-69,2025-10-03 13:46:07,True,5G,Germany,Munich City Center,0.4893049280800036,0.5824165012935663,0.058177468464549804,0.5517241379310345
LTE,262,2,Vodafone,2459,21562,48.14030541867622,11.59227663573997,1582,-71,2025-08-31 08:51:55,True,4G,Germany,Munich City Center,0.46912183071610614,0.5807095615106418,0.08503697259678121,0.4827586206896552
LTE,262,7,O2,3819,21745,48.13313152908137,11.55324952049208,987,-81,2025-09-19 09:07:11,True,4G,Germany,Munich City Center,0.4451327861441768,0.5018059330822989,0.02033492822966507,0.13793103448275862
LTE,262,1,Telekom,3141,10486,48.14917953852832,11.577957760982699,1309,-57,2024-12-17 23:46:13,True,4G,Germany,Munich City Center,0.49879634045785926,0.5517601716778697,0.055350152240104394,0.9655172413793104
NR,262,2,Vodafone,3629,48897,48.15034186304814,11.599219620022048,881,-61,2024-11-07 10:15:04,True,5G,Germany,Munich City Center,0.5026830820008246,0.594746639283296,0.00880817746846455,0.8275862068965517
LTE,262,7,O2,3919,20166,48.136374670041974,11.56832379288762,1557,-63,2025-01-14 08:35:49,True,4G,Germany,Munich City Center,0.45597764959354636,0.5322825588941339,0.08231839930404523,0.7586206896551724
NR,262,1,Telekom,1922,34552,48.14428406603434,11.558372030455736,1162,-68,2025-08-03 13:46:57,True,5G,Germany,Munich City Center,0.48242618221858075,0.5121624408647852,0.03936494127881688,0.5862068965517241
LTE,262,2,Vodafone,1990,31872,48.133180249850376,11.579817416638473,963,-58,2025-10-06 09:23:38,True,4G,Germany,Munich City Center,0.4452957053923574,0.5555199570972096,0.017725097868638538,0.9310344827586207
LTE,262,7,O2,3349,25046,48.155633905798496,11.560180519387977,1278,-67,2025-04-05 20:08:42,True,4G,Germany,Munich City Center,0.5203793467308967,0.5158187792290212,0.05197912135711179,0.6206896551724138
NR,262,1,Telekom,4861,12680,48.15352358735328,11.595029989393288,1057,-68,2025-07-18 18:09:36,True,5G,Germany,Munich City Center,0.5133225719403229,0.5862761936384163,0.027946933449325796,0.5862068965517241
LTE,262,2,Vodafone,4823,43454,48.1554159218067,11.597734607424767,1480,-77,2024-11-05 09:21:53,True,4G,Germany,Munich City Center,0.5196504216999195,0.5917442938257091,0.07394519356241844,0.27586206896551724
NR,262,1,Telekom,4851,12715,48.145084499811105,11.584814800049891,1268,-77,2025-04-04 09:34:39,True,5G,Germany,Munich City Center,0.4851027834254805,0.5656234884831168,0.0508916920400174,0.27586206896551724
UMTS,262,1,Telekom,4704,15155,48.158851910420104,11.586680291895538,1763,-56,2025-02-20 22:47:35,True,3G,Germany,Munich City Center,0.5311401558121831,0.5693950733028026,0.10471944323618965,1.0
LTE,262,7,O2,3580,14998,48.14425426825308,11.565769742741136,1272,-61,2025-08-18 03:10:10,True,4G,Germany,Munich City Center,0.48232654027492894,0.5271188714817918,0.05132666376685516,0.8275862068965517
GSM,262,1,Telekom,1975,21276,48.142710751336054,11.551259988645038,978,-68,2024-11-15 06:55:41,True,2G,Germany,Munich City Center,0.47716511485424823,0.4977835686157396,0.01935624184428012,0.5862068965517241
LTE,262,7,O2,4092,30236,48.132950753584744,11.595591330933543,1927,-73,2025-04-29 15:17:37,True,4G,Germany,Munich City Center,0.4445282840273434,0.5874110939258792,0.12255328403653762,0.41379310344827586
NR,262,2,Vodafone,4716,19362,48.137520990390975,11.582790137894037,1330,-59,2024-12-03 15:12:12,True,5G,Germany,Munich City Center,0.45981087417587396,0.5615300988122754,0.05763375380600261,0.896551724137931
UMTS,262,7,O2,4811,43075,48.14743141327459,11.598755463830472,1459,-69,2025-07-19 22:40:47,True,3G,Germany,Munich City Center,0.492950717372271,0.5938082248644946,0.07166159199652022,0.5517241379310345
LTE,262,1,Telekom,2523,30669,48.153141516507645,11.555707938062616,1973,-59,2025-04-29 12:32:44,True,4G,Germany,Munich City Center,0.5120449505852258,0.5067762739664545,0.1275554588951718,0.896551724137931
LTE,262,7,O2,3368,25422,48.15731038613362,11.55701786813475,1537,-81,2024-12-21 00:34:47,True,4G,Germany,Munich City Center,0.5259853936251828,0.509424643824751,0.08014354066985646,0.13793103448275862
LTE,262,1,Telekom,2427,14143,48.13624015629905,11.573897164538762,1049,-62,2025-04-06 20:05:46,True,4G,Germany,Munich City Center,0.4555278439292958,0.5435506027416369,0.027076989995650284,0.7931034482758621
LTE,262,2,Vodafone,4096,20987,48.13378284046313,11.560104554269897,1913,-61,2025-08-05 07:35:53,True,4G,Germany,Munich City Center,0.4473107312547946,0.5156651956650693,0.12103088299260548,0.8275862068965517
NR,262,7,O2,3009,28239,48.13976273490345,11.585859842471676,1644,-59,2025-04-30 16:59:46,True,5G,Germany,Munich City Center,0.4673071296336125,0.5677363179458279,0.09177903436276642,0.896551724137931
UMTS,262,7,O2,2228,49117,48.13927307716377,11.558244763771448,998,-64,2024-12-07 07:50:31,True,3G,Germany,Munich City Center,0.46566974433700176,0.511905137625625,0.0215311004784689,0.7241379310344828
GSM,262,2,Vodafone,1714,33860,48.15606301880694,11.598150814772035,1710,-78,2025-08-04 06:39:59,True,2G,Germany,Munich City Center,0.5218142741785315,0.5925857669827532,0.09895606785558939,0.2413793103448276
LTE,262,1,Telekom,4864,24087,48.149650846061924,11.580528335035984,815,-85,2024-12-18 17:18:59,True,4G,Germany,Munich City Center,0.5003723637965458,0.5569572665351161,0.0016311439756415832,0.0
NR,262,7,O2,2532,32230,48.14420068554103,11.554731515843732,1450,-70,2025-05-10 11:50:11,True,5G,Germany,Munich City Center,0.4821473629889357,0.504802178380383,0.07068290561113527,0.5172413793103449
UMTS,262,2,Vodafone,1432,14541,48.15362918987312,11.586762225453207,924,-67,2024-12-11 04:11:09,True,3G,Germany,Munich City Center,0.513675700256835,0.5695607236448534,0.013484123531970421,0.6206896551724138
UMTS,262,2,Vodafone,4395,32249,48.15786354458361,11.558231336409815,870,-56,2025-04-03 08:27:46,True,3G,Germany,Munich City Center,0.5278351213826075,0.5118779906652013,0.007612005219660722,1.0
UMTS,262,2,Vodafone,3879,25648,48.15115959060619,11.573420775524333,836,-85,2024-10-15 10:48:19,True,3G,Germany,Munich City Center,0.5054175125462639,0.5425874564382767,0.0039147455415398,0.0
NR,262,1,Telekom,1660,12269,48.15335578269185,11.58606157784707,1488,-61,2025-08-31 08:13:39,True,5G,Germany,Munich City Center,0.5127614434967915,0.5681441793263042,0.07481513701609395,0.8275862068965517
NR,262,7,O2,3286,13232,48.145820333337156,11.591869114176294,1805,-58,2025-01-29 08:26:32,True,5G,Germany,Munich City Center,0.48756336537625544,0.5798856489608029,0.10928664636798609,0.9310344827586207
UMTS,262,7,O2,2164,49180,48.15108479705743,11.592084220267594,960,-74,2025-03-17 10:11:28,True,3G,Germany,Munich City Center,0.5051674075298386,0.5803205427773918,0.017398869073510223,0.3793103448275862
LTE,262,1,Telekom,3006,17449,48.14341897437123,11.57267725203474,1362,-80,2024-10-13 11:32:43,True,4G,Germany,Munich City Center,0.4795333690255815,0.5410842271891263,0.061113527620704655,0.1724137931034483
LTE,262,2,Vodafone,2782,20509,48.1411224690934,11.582091056759312,965,-58,2025-09-02 09:50:05,True,4G,Germany,Munich City Center,0.4718539969442257,0.560116721529706,0.017942583732057416,0.9310344827586207
UMTS,262,2,Vodafone,4198,25808,48.13855781130813,11.5764238176021,842,-57,2025-03-22 14:31:16,True,3G,Germany,Munich City Center,0.46327793940819134,0.5486588997092882,0.004567203131796433,0.9655172413793104
LTE,262,7,O2,4820,45586,48.15774637068676,11.591116532529819,1793,-65,2024-11-03 01:10:04,True,4G,Germany,Munich City Center,0.5274432990946945,0.5783641062534235,0.10798173118747281,0.6896551724137931
UMTS,262,2,Vodafone,1600,30297,48.14821234195212,11.581889835614852,967,-85,2025-01-14 15:21:18,True,3G,Germany,Munich City Center,0.49556209472970464,0.5597098998029775,0.018160069595476294,0.0
NR,262,1,Telekom,3129,42292,48.14250543463565,11.560934988933079,1877,-59,2025-08-19 06:43:59,True,5G,Germany,Munich City Center,0.47647854846481813,0.5173441388224503,0.11711613745106568,0.896551724137931
LTE,262,1,Telekom,1518,10672,48.135554330219634,11.56061771515966,1308,-78,2025-09-11 23:51:33,True,4G,Germany,Munich City Center,0.45323448379735615,0.5167026860333088,0.055241409308394954,0.2413793103448276
GSM,262,2,Vodafone,3695,24567,48.13668249475278,11.555337887859338,872,-65,2025-05-19 14:39:35,True,2G,Germany,Munich City Center,0.4570069964506882,0.5060281196754228,0.0078294910830796,0.6896551724137931
UMTS,262,7,O2,1754,22923,48.14270661963076,11.589296410129673,1733,-65,2024-12-15 18:49:10,True,3G,Germany,Munich City Center,0.4771512986864363,0.5746842477590667,0.10145715528490648,0.6896551724137931
UMTS,262,2,Vodafone,2867,20616,48.147550544627194,11.567696432670786,841,-57,2025-09-05 06:41:35,True,3G,Germany,Munich City Center,0.4933490852715492,0.5310141844030816,0.004458460200086995,0.9655172413793104
GSM,262,7,O2,2427,35083,48.14150901661338,11.58577759399595,1892,-75,2025-05-29 04:38:41,True,2G,Germany,Munich City Center,0.4731465880223568,0.5675700309136895,0.11874728142670726,0.3448275862068966
UMTS,262,7,O2,2202,20099,48.14071717242078,11.5618286595238,933,-81,2024-12-12 21:16:34,True,3G,Germany,Munich City Center,0.47049870985541553,0.5191509301207478,0.014462809917355372,0.13793103448275862
UMTS,262,1,Telekom,2757,26840,48.14025643814985,11.597754535392292,1808,-57,2024-10-26 08:04:03,True,3G,Germany,Munich City Center,0.4689580428553128,0.5917845834790678,0.1096128751631144,0.9655172413793104
NR,262,7,O2,4606,25435,48.139758038661206,11.576641709832037,1780,-83,2025-01-29 20:17:33,True,5G,Germany,Munich City Center,0.46729142568905074,0.5490994264415148,0.10656807307525011,0.06896551724137931
UMTS,262,1,Telekom,3074,30545,48.140442729812804,11.565005732977685,1359,-65,2025-07-22 04:06:52,True,3G,Germany,Munich City Center,0.4695809906923192,0.5255742238154696,0.06078729882557634,0.6896551724137931
LTE,262,2,Vodafone,1705,13552,48.14775288768857,11.582176831039126,1907,-57,2025-09-30 06:26:57,True,4G,Germany,Munich City Center,0.494025707995381,0.5602901369066858,0.12037842540234885,0.9655172413793104
NR,262,7,O2,4402,35837,48.13388696522223,11.562709610901726,1957,-79,2025-02-10 09:40:59,True,5G,Germany,Munich City Center,0.44765891803048685,0.5209320061686651,0.12581557198782078,0.20689655172413793
LTE,262,2,Vodafone,1950,27516,48.154457882148655,11.595322646131441,1289,-71,2024-10-10 07:22:36,True,4G,Germany,Munich City Center,0.5164467961416173,0.586867876584431,0.053175293605915615,0.4827586206896552
UMTS,262,1,Telekom,2213,41985,48.14731814599408,11.599820012399778,1871,-74,2025-07-09 09:42:37,True,3G,Germany,Munich City Center,0.49257195856858427,0.5959604911599404,0.11646367986080905,0.3793103448275862
LTE,262,1,Telekom,1106,34499,48.149771870588054,11.564946517296862,1025,-70,2025-08-26 21:18:24,True,4G,Germany,Munich City Center,0.500777062351389,0.525454503665848,0.024467159634623748,0.5172413793103449
NR,262,2,Vodafone,1905,45273,48.13159147492879,11.585108434334217,1646,-59,2025-05-15 22:21:05,True,5G,Germany,Munich City Center,0.4399829399943444,0.5662171477970859,0.0919965202261853,0.896551724137931
LTE,262,1,Telekom,3463,24029,48.13680275206828,11.576000922432831,1447,-82,2024-11-23 18:25:26,True,4G,Germany,Munich City Center,0.457409129500458,0.5478039053524625,0.07035667681600696,0.10344827586206896
NR,262,1,Telekom,1011,44096,48.14173285277117,11.55149776569114,1787,-69,2025-06-05 14:29:18,True,5G,Germany,Munich City Center,0.4738950823356755,0.4982642977594461,0.10732927359721618,0.5517241379310345
LTE,262,7,O2,2842,12093,48.1399137213567,11.594685926565699,1295,-56,2024-11-08 01:58:35,True,4G,Germany,Munich City Center,0.46781201902574315,0.5855805796958633,0.05382775119617225,1.0
UMTS,262,7,O2,2379,38656,48.14328834111653,11.587117589292172,1244,-71,2025-01-08 18:38:43,True,3G,Germany,Munich City Center,0.47909653947473424,0.5702791855687868,0.048281861678990866,0.4827586206896552
LTE,262,7,O2,2133,35658,48.13094522554689,11.56082148198556,1375,-77,2025-02-25 04:29:33,True,4G,Germany,Munich City Center,0.43782192189920394,0.5171146545278974,0.06252718573292736,0.27586206896551724
LTE,262,1,Telekom,2419,24885,48.1542601632233,11.5691158547579,1497,-82,2025-03-10 00:33:49,True,4G,Germany,Munich City Center,0.5157856362435759,0.533883921308647,0.0757938234014789,0.10344827586206896
NR,262,7,O2,1081,43769,48.14324365441263,11.589337853498174,1128,-79,2025-04-17 17:12:00,True,5G,Germany,Munich City Center,0.47894710989159167,0.5747680364820664,0.03566768160069596,0.20689655172413793
LTE,262,7,O2,2928,24623,48.13089607889416,11.575734308067238,992,-66,2025-09-07 06:21:35,True,4G,Germany,Munich City Center,0.4376575785221192,0.547264873945637,0.020878642888212267,0.6551724137931034
NR,262,2,Vodafone,1780,39042,48.15177488983839,11.58789788278922,1089,-74,2025-07-11 22:02:02,True,5G,Germany,Munich City Center,0.5074750352487245,0.5718567551064031,0.03142670726402784,0.3793103448275862
LTE,262,2,Vodafone,4938,19656,48.13997743978199,11.581517699253643,1201,-59,2025-08-09 18:36:34,True,4G,Germany,Munich City Center,0.46802508951199445,0.5589575277923124,0.04360591561548499,0.896551724137931
LTE,262,2,Vodafone,1932,35853,48.14877454892482,11.57219101388085,954,-72,2025-07-03 02:40:55,True,4G,Germany,Munich City Center,0.4974420801892643,0.5401011682471952,0.01674641148325359,0.4482758620689655
LTE,262,2,Vodafone,1464,34530,48.144260203581325,11.599506414012131,813,-76,2025-08-12 16:35:54,True,4G,Germany,Munich City Center,0.48234638764670346,0.5953264691345492,0.0014136581122227054,0.3103448275862069
UMTS,262,2,Vodafone,1053,13820,48.14068779118084,11.590961437938981,1112,-75,2024-12-03 01:47:48,True,3G,Germany,Munich City Center,0.47040046080025605,0.5780505415461943,0.033927794693344934,0.3448275862068966
LTE,262,2,Vodafone,1216,17802,48.13301757954722,11.553142544180332,1875,-77,2025-06-02 15:34:49,True,4G,Germany,Munich City Center,0.4447517459263923,0.5015896521940185,0.1168986515876468,0.27586206896551724
UMTS,262,1,Telekom,1588,12537,48.136928948515944,11.574863235417071,1620,-63,2025-03-17 10:04:40,True,3G,Germany,Munich City Center,0.45783112264209647,0.5455037703568554,0.08916920400173989,0.7586206896551724
NR,262,7,O2,4395,21834,48.13581694110432,11.563154499340657,1197,-72,2025-03-03 21:25:12,True,5G,Germany,Munich City Center,0.4541126384071532,0.5218314657329841,0.043170943888647235,0.4482758620689655
LTE,262,7,O2,4324,41283,48.15142493559195,11.582108263937158,945,-69,2025-05-14 23:54:25,True,4G,Germany,Munich City Center,0.5063048098214838,0.560151510387618,0.01576772509786864,0.5517241379310345
GSM,262,7,O2,3923,38415,48.149857984067204,11.572408799970413,1678,-84,2025-04-08 14:03:34,True,2G,Germany,Munich City Center,0.5010650205172126,0.5405414803886013,0.09547629404088734,0.034482758620689655
LTE,262,2,Vodafone,1019,14568,48.14655833929514,11.563845741529779,1741,-75,2025-08-20 01:39:14,True,4G,Germany,Munich City Center,0.49003121180549813,0.5232289945151664,0.10232709873858199,0.3448275862068966
LTE,262,7,O2,1091,16937,48.14814499538547,11.56782936773743,1633,-71,2025-01-23 19:19:41,True,4G,Germany,Munich City Center,0.49533689196241126,0.5312829477753398,0.09058286211396259,0.4827586206896552
GSM,262,1,Telekom,2522,46819,48.14024544965502,11.562864659090051,1923,-73,2025-08-07 21:51:23,True,2G,Germany,Munich City Center,0.46892129800598953,0.521245477060952,0.12211831230969987,0.41379310344827586
NR,262,7,O2,3342,36344,48.14454222520959,11.579224401064598,1369,-70,2025-04-28 09:38:44,True,5G,Germany,Munich City Center,0.4832894505864466,0.5543210193792654,0.061874728142670726,0.5172413793103449
UMTS,262,7,O2,2657,35015,48.13351462778191,11.594476463237104,1212,-64,2025-05-25 19:44:55,True,3G,Germany,Munich City Center,0.44641384458274463,0.5851570942154776,0.04480208786428882,0.7241379310344828
NR,262,7,O2,3593,14991,48.13985775504966,11.579599109667058,1277,-83,2025-04-02 11:19:47,True,5G,Germany,Munich City Center,0.4676248711450432,0.555078591855467,0.05187037842540235,0.06896551724137931
LTE,262,2,Vodafone,4536,38377,48.157562382313856,11.591505199658087,1933,-77,2025-06-01 01:26:40,True,4G,Germany,Munich City Center,0.526828053317639,0.5791498995788179,0.12320574162679426,0.27586206896551724
UMTS,262,2,Vodafone,1329,38640,48.144708150161684,11.567917809493286,1457,-64,2025-08-03 07:37:12,True,3G,Germany,Munich City Center,0.4838442933978278,0.5314617561601599,0.07144410613310134,0.7241379310344828
UMTS,262,2,Vodafone,2026,32356,48.15557836199218,11.579781113407773,1615,-83,2025-07-05 14:02:07,True,3G,Germany,Munich City Center,0.5201936116665555,0.5554465605213222,0.0886254893431927,0.06896551724137931
NR,262,2,Vodafone,3516,35698,48.145044865134594,11.55195631912276,1481,-61,2025-06-14 09:02:31,True,5G,Germany,Munich City Center,0.4849702475104994,0.49919138471817515,0.07405393649412788,0.8275862068965517
LTE,262,2,Vodafone,1763,31840,48.13615976732592,11.574901716920495,1304,-74,2025-05-21 12:30:07,True,4G,Germany,Munich City Center,0.455259028158709,0.5455815708867748,0.0548064375815572,0.3793103448275862
LTE,262,7,O2,3596,24999,48.147404566426054,11.572819364354771,1183,-80,2024-11-06 00:31:13,True,4G,Germany,Munich City Center,0.49286094316574125,0.5413715448046761,0.04164854284471509,0.1724137931034483
NR,262,1,Telekom,2015,35407,48.147966597527876,11.577791010225699,1173,-67,2025-07-19 14:39:58,True,5G,Germany,Munich City Center,0.4947403405239179,0.5514230409499928,0.04056111352762071,0.6206896551724138
LTE,262,1,Telekom,2957,21168,48.150813070095964,11.560325820038956,1493,-58,2025-07-18 09:06:17,True,4G,Germany,Munich City Center,0.5042587693212642,0.5161125428982666,0.07535885167464115,0.9310344827586207
LTE,262,2,Vodafone,4853,10420,48.13874799662925,11.574482520453396,853,-56,2025-08-09 09:38:34,True,4G,Germany,Munich City Center,0.463913907398062,0.54473405443396,0.005763375380600261,1.0
LTE,262,7,O2,2779,25855,48.14165468569321,11.55259984465373,1574,-82,2024-12-17 11:47:06,True,4G,Germany,Munich City Center,0.47363369644557807,0.5004924416642829,0.0841670291431057,0.10344827586206896
UMTS,262,7,O2,1584,37526,48.130080585743826,11.581502219008575,1017,-85,2025-07-22 20:32:09,True,3G,Germany,Munich City Center,0.4349306196983445,0.5589262303854436,0.02359721618094824,0.0
LTE,262,7,O2,4352,37233,48.150627863542056,11.593194922180729,1707,-60,2025-09-10 05:47:18,True,4G,Germany,Munich City Center,0.5036394500220228,0.5825661202558182,0.09862983906046106,0.8620689655172413
LTE,262,2,Vodafone,1681,29546,48.15447041113923,11.554596922332282,1078,-63,2025-09-18 07:44:37,True,4G,Germany,Munich City Center,0.5164886923137488,0.5045300620236162,0.03023053501522401,0.7586206896551724
NR,262,2,Vodafone,2086,49796,48.159496496776576,11.587759562764965,1953,-60,2024-12-31 09:45:59,True,5G,Germany,Munich City Center,0.5332956128528047,0.5715771046190788,0.12538060026098305,0.8620689655172413
NR,262,1,Telekom,3773,44997,48.146828061424635,11.570665015907418,864,-57,2025-07-04 23:27:55,True,5G,Germany,Munich City Center,0.4909331459795531,0.5370159600191887,0.006959547629404089,0.9655172413793104
LTE,262,2,Vodafone,4245,31763,48.13177548314207,11.555364178262598,1304,-61,2024-10-11 10:01:45,True,4G,Germany,Munich City Center,0.4405982521164016,0.5060812726742272,0.0548064375815572,0.8275862068965517
LTE,262,2,Vodafone,2297,13316,48.14693763804213,11.595221807180002,1550,-74,2025-09-19 07:14:06,True,4G,Germany,Munich City Center,0.4912995634336303,0.586664003992133,0.08155719878207916,0.3793103448275862
NR,262,2,Vodafone,3371,34103,48.15199004777705,11.568420121128597,1284,-76,2024-12-30 12:05:12,True,5G,Germany,Munich City Center,0.5081945101322103,0.53247731189304,0.05263157894736842,0.3103448275862069
LTE,262,7,O2,2147,44782,48.144155550472846,11.599633587543012,957,-71,2025-09-30 07:23:15,True,4G,Germany,Munich City Center,0.4819964341032714,0.5955835840394771,0.017072640278381904,0.4827586206896552
NR,262,7,O2,1416,49470,48.14488234856802,11.568655036417338,892,-77,2025-03-03 18:10:44,True,5G,Germany,Munich City Center,0.48442680213017747,0.5329522552378727,0.010004349717268378,0.27586206896551724
NR,262,1,Telekom,2245,47578,48.13618151585124,11.591291971692955,1596,-58,2024-12-17 20:52:52,True,5G,Germany,Munich City Center,0.4553317538866955,0.5787188028906712,0.08655937364071335,0.9310344827586207
LTE,262,1,Telekom,2346,14626,48.15556428566498,11.555836885114665,1256,-60,2025-03-01 04:28:13,True,4G,Germany,Munich City Center,0.520146541296141,0.5070369745131694,0.049586776859504134,0.8620689655172413
LTE,262,7,O2,2937,19061,48.15092574948644,11.558067311478384,953,-75,2025-09-02 10:49:10,True,4G,Germany,Munich City Center,0.5046355622569132,0.5115463709141537,0.01663766855154415,0.3448275862068966
LTE,262,2,Vodafone,1135,18639,48.15783511473827,11.596490590492195,1816,-61,2024-12-07 01:09:03,True,4G,Germany,Munich City Center,0.5277400537323315,0.589229184800028,0.11048281861678991,0.8275862068965517
LTE,262,7,O2,2758,12526,48.15873085765822,11.56532922158908,1510,-79,2025-03-16 14:59:45,True,4G,Germany,Munich City Center,0.5307353628387215,0.5262282415421748,0.0772074815137016,0.20689655172413793
GSM,262,1,Telekom,2092,32089,48.13910603020622,11.585147927502131,1235,-82,2024-12-09 14:33:13,True,2G,Germany,Munich City Center,0.4651111496085368,0.5662969936741588,0.04730317529360591,0.10344827586206896
GSM,262,7,O2,1335,38723,48.159740420380494,11.55513883238553,1155,-71,2025-08-07 23:08:43,True,2G,Germany,Munich City Center,0.5341112783476756,0.5056256764243102,0.0386037407568508,0.4827586206896552
LTE,262,7,O2,3356,46756,48.13355418664911,11.583167367588413,908,-71,2025-09-22 07:32:13,True,4G,Germany,Munich City Center,0.4465461269960399,0.5622927683421166,0.0117442366246194,0.4827586206896552
NR,262,1,Telekom,2229,46737,48.13173370111047,11.556406924108636,1885,-85,2025-01-07 08:11:19,True,5G,Germany,Munich City Center,0.44045853557837217,0.5081894590020748,0.11798608090474119,0.0
LTE,262,7,O2,3692,36481,48.14707419375087,11.599006774523794,1212,-65,2024-10-21 16:03:51,True,4G,Germany,Munich City Center,0.491756197305687,0.5943163158530295,0.04480208786428882,0.6896551724137931
NR,262,7,O2,2907,25269,48.15888820086185,11.598582198470668,1986,-61,2024-12-10 15:26:11,True,5G,Germany,Munich City Center,0.531261508812272,0.5934579231452255,0.12896911700739452,0.8275862068965517
NR,262,2,Vodafone,4983,17483,48.14344214979961,11.55228128502292,1218,-69,2024-12-24 20:10:56,True,5G,Germany,Munich City Center,0.4796108662294444,0.4998483891745681,0.045454545454545456,0.5517241379310345
LTE,262,7,O2,3185,46018,48.15170136693762,11.57515540043,1538,-60,2025-01-01 19:53:05,True,4G,Germany,Munich City Center,0.5072291792008561,0.5460944591503654,0.0802522836015659,0.8620689655172413
NR,262,7,O2,3843,34781,48.14582647644141,11.55956277607799,917,-78,2024-11-07 00:37:00,True,5G,Germany,Munich City Center,0.48758390753818037,0.5145698478569317,0.01272292301000435,0.2413793103448276
NR,262,7,O2,1850,32929,48.152032286426326,11.579339732342696,918,-63,2024-10-22 12:07:48,True,5G,Germany,Munich City Center,0.5083357535716034,0.5545541920402569,0.01283166594171379,0.7586206896551724
LTE,262,2,Vodafone,2422,16282,48.158324846587384,11.552826678730481,1474,-62,2024-12-01 17:14:12,True,4G,Germany,Munich City Center,0.5293776868463305,0.5009510467031927,0.07329273597216181,0.7931034482758621
GSM,262,2,Vodafone,2751,41431,48.15867788833681,11.588109149349016,1673,-71,2024-12-20 02:05:17,True,2G,Germany,Munich City Center,0.5305582366932148,0.5722838862952611,0.09493257938234015,0.4827586206896552
LTE,262,1,Telekom,3558,25564,48.15261530355295,11.556573156220013,1854,-73,2025-03-30 22:23:51,True,4G,Germany,Munich City Center,0.5102853269030333,0.5085255411507467,0.11461505002174859,0.41379310344827586
UMTS,262,1,Telekom,3055,36452,48.13536643555858,11.554354396865488,1148,-77,2025-01-23 22:58:53,True,3G,Germany,Munich City Center,0.45260617563353017,0.5040397326924638,0.03784254023488473,0.27586206896551724
LTE,262,2,Vodafone,3330,41017,48.13371655619,11.575909731451175,1701,-69,2024-12-29 18:27:51,True,4G,Germany,Munich City Center,0.4470890807315495,0.5476195386810613,0.09797738147020443,0.5517241379310345
GSM,262,1,Telekom,3277,24607,48.150276638976585,11.592685459125036,1774,-73,2024-11-21 07:47:18,True,2G,Germany,Munich City Center,0.5024649767262709,0.581536106036499,0.10591561548499348,0.41379310344827586
UMTS,262,7,O2,3369,16218,48.15786321365593,11.592558277905104,1353,-58,2025-04-18 15:42:46,True,3G,Germany,Munich City Center,0.5278340147808339,0.581278975586122,0.0601348412353197,0.9310344827586207
LTE,262,7,O2,3795,34981,48.13603576385962,11.572455202714245,1524,-62,2025-03-14 01:16:17,True,4G,Germany,Munich City Center,0.4548443682115615,0.5406352957996082,0.07872988255763376,0.7931034482758621
UMTS,262,7,O2,3572,23075,48.14019477816497,11.581249491414502,1743,-60,2024-10-31 13:49:39,True,3G,Germany,Munich City Center,0.4687518556668947,0.5584152747575498,0.10254458460200087,0.8620689655172413
UMTS,262,7,O2,4450,32863,48.15043171289987,11.582456055917566,1851,-72,2025-07-06 07:21:05,True,3G,Germany,Munich City Center,0.5029835343662163,0.560854663798219,0.11428882122662026,0.4482758620689655
LTE,262,1,Telekom,1677,44487,48.14068280731614,11.595541668263131,1146,-78,2024-10-14 18:54:44,True,4G,Germany,Munich City Center,0.4703837950639331,0.587310687711686,0.037625054371465856,0.2413793103448276
UMTS,262,7,O2,4798,13102,48.13606590768834,11.566208571660773,1601,-75,2024-10-13 11:38:21,True,3G,Germany,Munich City Center,0.45494516731660245,0.5280060801263144,0.08710308829926054,0.3448275862068966
LTE,262,1,Telekom,1640,14281,48.132491025648,11.595715529800573,1188,-65,2025-03-10 08:51:02,True,4G,Germany,Munich City Center,0.44299098214672844,0.5876621947616232,0.04219225750326229,0.6896551724137931
UMTS,262,1,Telekom,2291,25765,48.15884290362867,11.568912950137621,1866,-81,2024-11-28 09:01:57,True,3G,Germany,Munich City Center,0.5311100376568395,0.5334736959906036,0.11591996520226186,0.13793103448275862
LTE,262,7,O2,3956,17255,48.157602350844336,11.5687242442899,1780,-66,2025-05-28 18:57:20,True,4G,Germany,Munich City Center,0.5269617056197103,0.5330921772440532,0.10656807307525011,0.6551724137931034
GSM,262,2,Vodafone,2345,48848,48.1527821891688,11.572357654250087,1573,-76,2025-07-24 22:59:09,True,2G,Germany,Munich City Center,0.5108433821148142,0.5404380757970336,0.08405828621139626,0.3103448275862069
UMTS,262,1,Telekom,3689,42864,48.143677535004095,11.599365976834845,1582,-75,2025-08-06 01:14:23,True,3G,Germany,Munich City Center,0.48039797984295424,0.5950425382628015,0.08503697259678121,0.3448275862068966
LTE,262,2,Vodafone,2779,12978,48.154064208444154,11.574252487159827,1267,-56,2025-04-27 18:46:12,True,4G,Germany,Munich City Center,0.5151303755417176,0.5442689813326911,0.05078294910830796,1.0
NR,262,7,O2,2960,26096,48.1377132189264,11.589563926477066,1740,-76,2025-01-25 04:45:41,True,5G,Germany,Munich City Center,0.46045367454843983,0.5752251027604954,0.10221835580687255,0.3103448275862069
LTE,262,1,Telekom,4713,15497,48.13613243336257,11.597354252228374,1868,-78,2024-10-28 08:22:43,True,4G,Germany,Munich City Center,0.45516762507025665,0.5909753052674629,0.11613745106568073,0.2413793103448276
LTE,262,1,Telekom,1866,32734,48.15379718275508,11.586827763596512,1657,-67,2024-11-08 07:16:38,True,4G,Germany,Munich City Center,0.5142374580982004,0.5696932263234242,0.09319269247498913,0.6206896551724138
LTE,262,7,O2,4297,21703,48.15341827107159,11.572410990859758,1511,-80,2024-11-09 06:27:17,True,4G,Germany,Munich City Center,0.512970400786556,0.5405459098504701,0.07731622444541104,0.1724137931034483
NR,262,1,Telekom,4553,21717,48.14063284140303,11.580830398390079,1002,-79,2025-05-24 01:06:29,True,5G,Germany,Munich City Center,0.4702167121306453,0.5575679674414459,0.021966072205306657,0.20689655172413793
LTE,262,7,O2,1972,39475,48.13981858750916,11.560457846932776,1441,-70,2025-06-25 15:31:47,True,4G,Germany,Munich City Center,0.46749389730408847,0.5163794701591289,0.06970421922575033,0.5172413793103449
LTE,262,2,Vodafone,3597,28441,48.144317319489105,11.558555502548222,1372,-65,2025-09-21 06:38:20,True,4G,Germany,Munich City Center,0.48253737972141675,0.512533378191834,0.06220095693779904,0.6896551724137931
NR,262,1,Telekom,3073,45806,48.15640537042603,11.580477955375466,1395,-70,2025-03-27 15:42:52,True,5G,Germany,Munich City Center,0.522959076888556,0.5568554107359208,0.06470204436711614,0.5172413793103449
NR,262,2,Vodafone,4167,15880,48.139595958964975,11.575450242004358,1217,-81,2025-01-01 02:47:27,True,5G,Germany,Munich City Center,0.4667494411762295,0.5466905593202225,0.045345802522836015,0.13793103448275862
LTE,262,7,O2,2883,31258,48.151247052593384,11.58115387172775,903,-82,2025-03-24 04:06:12,True,4G,Germany,Munich City Center,0.5057099800398547,0.558221954288282,0.011200521966072205,0.10344827586206896
LTE,262,7,O2,3409,37493,48.137563197235075,11.566531755760947,1508,-68,2024-11-12 18:53:17,True,4G,Germany,Munich City Center,0.4599520112607094,0.5286594822031024,0.07698999565028274,0.5862068965517241
LTE,262,1,Telekom,3006,49962,48.158873149076015,11.581275932087916,922,-78,2024-10-27 02:31:52,True,4G,Germany,Munich City Center,0.531211176568297,0.5584687315671865,0.013266637668551544,0.2413793103448276
GSM,262,2,Vodafone,2341,42467,48.148826748559486,11.575643492469544,1011,-75,2024-10-17 07:38:26,True,2G,Germany,Munich City Center,0.49761663254975036,0.5470812662121302,0.022944758590691606,0.3448275862068966
GSM,262,1,Telekom,3179,38078,48.15427167486412,11.586824989639863,1725,-82,2025-09-26 04:07:07,True,2G,Germany,Munich City Center,0.5158241304608481,0.5696876180368965,0.10058721183123097,0.10344827586206896
LTE,262,7,O2,4985,45743,48.15442855523655,11.579513839454515,1686,-78,2025-03-27 09:05:04,True,4G,Germany,Munich City Center,0.5163487287553878,0.5549061955837026,0.09634623749456285,0.2413793103448276
LTE,262,1,Telekom,2560,34374,48.14560022509973,11.599352811128586,1664,-68,2025-04-28 21:08:12,True,4G,Germany,Munich City Center,0.4868273369988312,0.595015920307874,0.0939538929969552,0.5862068965517241
UMTS,262,1,Telekom,1469,39019,48.1475546761755,11.568752773213689,1209,-62,2025-07-12 13:22:49,True,3G,Germany,Munich City Center,0.4933629009144052,0.5331498560037511,0.0444758590691605,0.7931034482758621
UMTS,262,2,Vodafone,1409,35368,48.15631993995239,11.558156183416088,1894,-68,2024-11-14 03:10:53,True,3G,Germany,Munich City Center,0.5226734026510539,0.5117260490252765,0.11896476729012614,0.5862068965517241
LTE,262,7,O2,2688,11270,48.154337180967985,11.555142632043493,1122,-78,2025-03-03 07:00:30,True,4G,Germany,Munich City Center,0.5160431788340618,0.5056333584371395,0.03501522401043932,0.2413793103448276
NR,262,1,Telekom,1424,49606,48.15815311148485,11.591022143525507,893,-69,2025-07-14 22:41:16,True,5G,Germany,Munich City Center,0.5288034152500412,0.5781732739339794,0.010113092648977817,0.5517241379310345
UMTS,262,7,O2,1838,33030,48.14532365948943,11.56450548463852,1438,-66,2025-09-04 07:01:50,True,3G,Germany,Munich City Center,0.48590251864683204,0.5245628395810813,0.06937799043062201,0.6551724137931034
LTE,262,2,Vodafone,1909,19265,48.153851938709366,11.55589235690518,1858,-80,2025-04-21 12:05:57,True,4G,Germany,Munich City Center,0.5144205586339178,0.5071491253990129,0.11505002174858635,0.1724137931034483
UMTS,262,2,Vodafone,3446,32981,48.14244563470634,11.596651920858886,1077,-68,2024-11-26 23:49:52,True,3G,Germany,Munich City Center,0.4762785811875604,0.5895553567762737,0.03012179208351457,0.5862068965517241
LTE,262,1,Telekom,1623,23046,48.140225431419125,11.562376047307854,1247,-72,2025-07-27 05:30:50,True,4G,Germany,Munich City Center,0.4688543582591815,0.5202576192020424,0.04860809047411918,0.4482758620689655
UMTS,262,1,Telekom,1388,21889,48.1509571314678,11.575533497865177,1525,-60,2025-08-05 17:34:46,True,3G,Germany,Munich City Center,0.5047405016680387,0.5468588830475798,0.07883862548934319,0.8620689655172413
LTE,262,7,O2,3226,42844,48.14077088481066,11.585151412747717,1425,-70,2025-05-05 14:52:57,True,4G,Germany,Munich City Center,0.47067832077607624,0.566304040019268,0.06796433231839931,0.5172413793103449
NR,262,2,Vodafone,1435,46842,48.158077235947815,11.570748075862092,1431,-64,2025-03-25 08:19:57,True,5G,Germany,Munich City Center,0.5285496921315292,0.5371838876704962,0.06861678990865594,0.7241379310344828
LTE,262,1,Telekom,1168,48114,48.13735789334862,11.57097040980993,1918,-58,2025-10-05 00:26:52,True,4G,Germany,Munich City Center,0.4592654877203349,0.5376333945094177,0.12157459765115268,0.9310344827586207
GSM,262,2,Vodafone,4237,26524,48.147351101541716,11.582683675643365,1274,-84,2024-12-27 18:05:50,True,2G,Germany,Munich City Center,0.4926821598883476,0.5613148572343284,0.05154414963027403,0.034482758620689655
NR,262,7,O2,1580,48174,48.13215489542221,11.591862717464798,818,-57,2025-06-05 13:55:01,True,5G,Germany,Munich City Center,0.4418669833923797,0.5798727163178473,0.0019573727707699,0.9655172413793104
UMTS,262,2,Vodafone,4024,33044,48.14817624026027,11.56645844017955,1849,-79,2025-06-02 03:52:11,True,3G,Germany,Munich City Center,0.4954413728976494,0.5285112553778363,0.1140713353632014,0.20689655172413793
LTE,262,1,Telekom,3259,43917,48.1450325781578,11.557555736917958,1798,-65,2025-04-15 09:46:24,True,4G,Germany,Munich City Center,0.48492916061754004,0.5105120877299416,0.10852544584602,0.6896551724137931
LTE,262,1,Telekom,1584,14443,48.13241606660009,11.552701995083867,1311,-78,2024-12-02 13:23:01,True,4G,Germany,Munich City Center,0.4427403237113643,0.5006989657573921,0.05556763810352327,0.2413793103448276
LTE,262,1,Telekom,2677,45899,48.14236652321084,11.560094365044264,1589,-73,2025-02-05 23:12:00,True,4G,Germany,Munich City Center,0.4760140372234166,0.5156445954524187,0.08579817311874728,0.41379310344827586
GSM,262,1,Telekom,3822,23027,48.15132791041659,11.589650976329878,819,-67,2025-02-17 15:51:59,True,2G,Germany,Munich City Center,0.5059803636161907,0.5754010970454283,0.002066115702479339,0.6206896551724138
LTE,262,2,Vodafone,1947,30239,48.14555906171162,11.581335050443455,1729,-83,2025-10-04 22:21:59,True,4G,Germany,Munich City Center,0.48668968916652067,0.5585882549480234,0.10102218355806873,0.06896551724137931
NR,262,1,Telekom,1385,49972,48.15714297801107,11.576219215363615,1663,-76,2025-01-01 23:09:03,True,5G,Germany,Munich City Center,0.525425591183245,0.5482452422073569,0.09384515006524576,0.3103448275862069
LTE,262,2,Vodafone,1422,13906,48.15088614847646,11.56708262632242,1859,-68,2025-01-18 09:46:55,True,4G,Germany,Munich City Center,0.5045031389207361,0.5297732126394562,0.11515876468029577,0.5862068965517241
LTE,262,7,O2,1564,43254,48.15919537965488,11.567515464305478,1148,-77,2025-01-21 01:05:43,True,4G,Germany,Munich City Center,0.532288695760176,0.5306483090222631,0.03784254023488473,0.27586206896551724
LTE,262,1,Telekom,4457,21683,48.15689484907099,11.5923311629248,1607,-56,2025-01-09 12:48:40,True,4G,Germany,Munich City Center,0.5245958633034651,0.5808198026264365,0.08775554588951719,1.0
LTE,262,1,Telekom,1920,12550,48.13407348063748,11.598424033537535,1430,-61,2024-12-31 22:02:34,True,4G,Germany,Munich City Center,0.44828261408137426,0.5931381509295482,0.0685080469769465,0.8275862068965517
NR,262,7,O2,3313,41828,48.1377953603648,11.553313677361485,1273,-62,2025-04-29 04:10:52,True,5G,Germany,Munich City Center,0.46072835045484645,0.501935643150606,0.05143540669856459,0.7931034482758621
LTE,262,1,Telekom,4872,18870,48.136971354833726,11.559770845511396,1068,-58,2025-04-23 05:24:57,True,4G,Germany,Munich City Center,0.45797292675462803,0.5149905152097822,0.029143105698129623,0.9310344827586207
LTE,262,1,Telekom,3422,35243,48.149015693128916,11.567665174819707,1077,-57,2025-05-07 14:02:32,True,4G,Germany,Munich City Center,0.498248451542468,0.5309509883956046,0.03012179208351457,0.9655172413793104
NR,262,7,O2,3105,12698,48.14737049026946,11.560923472650389,1438,-72,2025-08-27 14:48:16,True,5G,Germany,Munich City Center,0.4927469945987063,0.5173208556132127,0.06937799043062201,0.4482758620689655
NR,262,2,Vodafone,3380,27144,48.156870874975205,11.59711826378079,1504,-58,2025-09-02 19:47:39,True,5G,Germany,Munich City Center,0.524515695405048,0.5904981922483897,0.07655502392344497,0.9310344827586207
UMTS,262,2,Vodafone,4924,16091,48.132421009442865,11.599826641364723,1238,-66,2025-09-29 17:51:51,True,3G,Germany,Munich City Center,0.4427568522728915,0.5959738933646271,0.047629404088734235,0.6551724137931034
NR,262,1,Telekom,4616,30600,48.137683469284376,11.563765626170804,1653,-58,2025-04-27 18:25:41,True,5G,Germany,Munich City Center,0.4603541935794217,0.5230670201423291,0.09275772074815138,0.9310344827586207
LTE,262,1,Telekom,3940,20247,48.13045918548835,11.55136453019494,1930,-76,2025-01-07 13:20:11,True,4G,Germany,Munich City Center,0.4361966339053065,0.4979949269894346,0.12287951283166594,0.3103448275862069
NR,262,1,Telekom,2065,28898,48.13851656370161,11.586439911141612,1742,-73,2025-05-29 23:26:56,True,5G,Germany,Munich City Center,0.4631400099546737,0.5689090800755648,0.10243584167029143,0.41379310344827586
LTE,262,2,Vodafone,2229,20211,48.15765577352398,11.594531578501648,1359,-71,2025-03-25 03:23:02,True,4G,Germany,Munich City Center,0.5271403477672002,0.5852685242898428,0.06078729882557634,0.4827586206896552
UMTS,262,2,Vodafone,1216,22801,48.13514204530167,11.565772198408194,1112,-66,2025-03-30 14:39:48,True,3G,Germany,Munich City Center,0.4518558284469221,0.5271238362617882,0.033927794693344934,0.6551724137931034
LTE,262,7,O2,2040,47833,48.13569761301402,11.5970060042238,834,-65,2025-06-03 09:25:06,True,4G,Germany,Munich City Center,0.4537136126291284,0.5902712298834821,0.0036972596781209223,0.6896551724137931
LTE,262,7,O2,3425,31877,48.147961071108135,11.581117517390778,1300,-73,2025-01-30 03:48:20,True,4G,Germany,Munich City Center,0.494721860516978,0.55814845438756,0.05437146585471944,0.41379310344827586
UMTS,262,2,Vodafone,3360,10238,48.15505751559896,11.568064102778997,1068,-80,2025-08-17 01:09:27,True,3G,Germany,Munich City Center,0.5184519334351361,0.5317575267028711,0.029143105698129623,0.1724137931034483
GSM,262,7,O2,1252,31003,48.14728707828174,11.598348982000982,1900,-57,2024-11-05 14:36:57,True,2G,Germany,Munich City Center,0.49246807005369947,0.5929864144121146,0.11961722488038277,0.9655172413793104
LTE,262,7,O2,2015,20475,48.15626648080927,11.589498750317517,1408,-66,2024-10-27 02:14:05,True,4G,Germany,Munich City Center,0.5224946385719488,0.575093331927762,0.06611570247933884,0.6551724137931034
NR,262,7,O2,3776,33369,48.14122198987225,11.555340312392152,825,-68,2025-06-29 20:07:04,True,5G,Germany,Munich City Center,0.4721867882937456,0.5060330215093168,0.0027185732927359724,0.5862068965517241
LTE,262,7,O2,1652,32027,48.137690192005856,11.550305530792018,1949,-57,2025-01-19 16:20:57,True,4G,Germany,Munich City Center,0.4603766739456296,0.4958538798004934,0.12494562853414529,0.9655172413793104
NR,262,7,O2,1769,36593,48.14040246641238,11.584462285778228,1654,-64,2025-05-21 09:34:35,True,5G,Germany,Munich City Center,0.4694463523633397,0.5649107877126318,0.0928664636798608,0.7241379310344828
LTE,262,1,Telekom,4706,20041,48.14113193527788,11.556017872469196,1727,-65,2025-08-01 17:32:26,True,4G,Germany,Munich City Center,0.47188565128158483,0.5074028882857203,0.10080469769464985,0.6896551724137931
LTE,262,2,Vodafone,3936,32159,48.13983912533283,11.594994013708051,1297,-75,2025-04-20 10:23:09,True,4G,Germany,Munich City Center,0.46756257452037586,0.5862034592822565,0.05404523705959113,0.3448275862068966
LTE,262,2,Vodafone,1780,18300,48.15228721217674,11.589703986986995,1673,-83,2024-11-14 14:11:36,True,4G,Germany,Munich City Center,0.5091882095661228,0.5755082720996273,0.09493257938234015,0.06896551724137931
UMTS,262,7,O2,2583,34500,48.15291633118492,11.59261222346968,1849,-76,2024-12-03 02:49:06,True,3G,Germany,Munich City Center,0.5112919447475412,0.5813880408028457,0.1140713353632014,0.3103448275862069
GSM,262,7,O2,3570,23957,48.156005546554155,11.580167421880516,933,-56,2025-03-29 05:36:51,True,2G,Germany,Munich City Center,0.5216220905080882,0.5562275852011747,0.014462809917355372,1.0
LTE,262,2,Vodafone,4576,30650,48.13395767801772,11.578758243305899,1945,-59,2024-10-20 15:07:51,True,4G,Germany,Munich City Center,0.44789537725953027,0.553378558263505,0.12451065680730752,0.896551724137931
LTE,262,7,O2,2439,18681,48.158661587781474,11.565623626331735,800,-72,2024-10-13 16:11:17,True,4G,Germany,Munich City Center,0.5305037286410111,0.5268234585412919,0.0,0.4482758620689655
LTE,262,2,Vodafone,2508,41318,48.14009439933605,11.557447007862473,1801,-85,2025-08-03 18:21:56,True,4G,Germany,Munich City Center,0.46841619505082877,0.510292263206943,0.10885167464114832,0.0
LTE,262,7,O2,4704,28533,48.14059075076523,11.561743241320684,1016,-70,2025-04-25 22:08:29,True,4G,Germany,Munich City Center,0.4700759636324947,0.5189782346469264,0.0234884732492388,0.5172413793103449
UMTS,262,1,Telekom,2583,48393,48.148808523680565,11.581702607432048,1047,-65,2025-03-15 20:15:59,True,3G,Germany,Munich City Center,0.49755568967810637,0.5593313685466064,0.026859504132231406,0.6896551724137931
UMTS,262,2,Vodafone,3472,49145,48.15131355107599,11.572155798287348,9742,-70,2025-07-13 00:31:45,True,3G,Germany,Munich City Center,0.5059323468663912,0.5400299706173688,0.9723792953458025,0.5172413793103449
LTE,262,2,Vodafone,3577,12148,48.2256559450782,11.5760733003405,4135,-73,2025-09-19 17:52:51,True,4G,Germany,Munich Metropolitan,0.7545287295850023,0.5479502364224599,0.3626576772509787,0.41379310344827586
UMTS,262,1,Telekom,1844,33276,48.09912652465793,11.728453200727351,5695,-74,2025-04-02 05:46:16,True,3G,Germany,Bavaria Region,0.3314221475851833,0.8560264794064323,0.5322966507177034,0.3793103448275862
LTE,262,2,Vodafone,1585,15889,48.03557546628984,11.686166611223156,4772,-69,2025-01-21 21:24:31,True,4G,Germany,Munich Metropolitan,0.1189113259969523,0.7705329622825546,0.43192692474989125,0.5517241379310345
LTE,262,1,Telekom,4178,21302,48.15647928239915,11.79749252058522,4483,-56,2025-05-21 05:44:43,True,4G,Germany,Bavaria Region,0.5232062339703707,0.9956077117473359,0.4005002174858634,1.0
UMTS,262,1,Telekom,2289,24678,48.20528767144412,11.62239562345043,4613,-85,2024-11-21 22:53:18,True,3G,Germany,Munich Metropolitan,0.6864184781515444,0.6416030556838398,0.4146367986080905,0.0
LTE,262,1,Telekom,1382,49608,48.234278401423005,11.305432655364934,3696,-85,2025-08-30 22:49:45,True,4G,Germany,Bavaria Region,0.7833616920721025,0.0007786416704112466,0.31491953023053504,0.0
LTE,262,2,Vodafone,4086,35599,48.07534897846602,11.447605712498742,3223,-63,2025-04-10 13:52:54,True,4G,Germany,Munich Metropolitan,0.2519114988823885,0.28821905332662523,0.2634841235319704,0.7586206896551724
UMTS,262,7,O2,1160,17438,48.048772148004936,11.504766870270913,4806,-74,2025-07-21 11:56:52,True,3G,Germany,Munich Metropolitan,0.16304021614492653,0.4037854415862158,0.4356241844280122,0.3793103448275862
UMTS,262,2,Vodafone,2754,18538,48.01209887556241,11.333322873182192,9669,-69,2025-04-09 04:10:57,True,3G,Germany,Bavaria Region,0.04040705381503441,0.057166088435582664,0.9644410613310135,0.5517241379310345
LTE,262,2,Vodafone,1204,36982,48.084892680946204,11.621138922090825,4095,-60,2025-01-09 13:41:12,True,4G,Germany,Munich Metropolitan,0.2838250516561445,0.6390623017363901,0.3583079599826011,0.8620689655172413
LTE,262,1,Telekom,4800,41262,48.15534583312024,11.60717427505393,8592,-72,2025-06-16 09:02:16,True,4G,Germany,Munich City Center,0.5194160494530149,0.6108290768635443,0.8473249238799478,0.4482758620689655
GSM,262,7,O2,1056,42026,48.14592109373193,11.670174519185256,5780,-62,2024-11-19 05:09:56,True,2G,Germany,Munich Metropolitan,0.48790030192501715,0.7382007214818828,0.5415397999130056,0.7931034482758621
LTE,262,1,Telekom,4747,12603,48.23336474368029,11.696209637732192,9123,-68,2025-09-01 19:14:58,True,4G,Germany,Bavaria Region,0.7803064769027491,0.7908375947651687,0.9050674206176599,0.5862068965517241
UMTS,262,1,Telekom,4081,16904,48.10059895492728,11.657168300858524,5817,-79,2025-08-23 13:05:42,True,3G,Germany,Munich Metropolitan,0.33634586363814895,0.7119052135615053,0.5455632883862549,0.20689655172413793
LTE,262,2,Vodafone,1801,20247,48.070602569490106,11.470907911082689,6761,-73,2025-09-04 16:25:48,True,4G,Germany,Munich Metropolitan,0.23603979985854973,0.3353306065878074,0.6482166159199652,0.41379310344827586
LTE,262,2,Vodafone,3895,26632,48.034162720391876,11.659941483176572,9740,-58,2024-11-04 07:35:05,True,4G,Germany,Munich Metropolitan,0.11418719080264596,0.7175119345757919,0.9721618094823836,0.9310344827586207
NR,262,7,O2,4170,21797,48.09002694547107,11.653714454233448,2596,-81,2025-02-05 19:43:12,True,5G,Germany,Munich Metropolitan,0.3009937157263822,0.7049223497494472,0.19530230535015225,0.13793103448275862
UMTS,262,2,Vodafone,1309,16467,48.203852840440426,11.486707162509237,8592,-61,2025-01-15 15:46:44,True,3G,Germany,Munich Metropolitan,0.6816204917251216,0.3672729691244231,0.8473249238799478,0.8275862068965517
LTE,262,2,Vodafone,4548,20981,48.23721783416594,11.72855691951121,2348,-69,2025-05-28 21:10:31,True,4G,Germany,Bavaria Region,0.7931909739636214,0.856236174341111,0.1683340582862114,0.5517241379310345
LTE,262,2,Vodafone,4822,18820,48.1365510515047,11.571885538196987,6262,-59,2025-09-18 16:37:18,True,4G,Germany,Munich City Center,0.4565674583319074,0.5394835684143527,0.5939538929969552,0.896551724137931
NR,262,7,O2,3048,47012,48.0095162879424,11.60608930377732,3228,-72,2024-11-21 11:09:49,True,5G,Germany,Munich Metropolitan,0.0317710400169097,0.6086355206675176,0.2640278381905176,0.4482758620689655
LTE,262,1,Telekom,3981,39745,48.29659127967947,11.346727232020447,4046,-56,2025-02-20 21:11:38,True,4G,Germany,Bavaria Region,0.9917321156944623,0.0842665426294406,0.35297955632883865,1.0
LTE,262,7,O2,4729,44897,48.01015120828088,11.590422653572102,3861,-60,2025-04-15 21:46:30,True,4G,Germany,Munich Metropolitan,0.03389417448924023,0.5769612465466216,0.3328621139625924,0.8620689655172413
UMTS,262,1,Telekom,3078,32212,48.189148466880184,11.321687138562007,3077,-63,2024-10-27 18:07:03,True,3G,Germany,Bavaria Region,0.6324499729883898,0.03364137554992891,0.24760765550239233,0.7586206896551724
NR,262,1,Telekom,2799,36540,48.0204779752486,11.509403723351644,6491,-58,2025-09-05 20:08:22,True,5G,Germany,Munich Metropolitan,0.06842624663743194,0.4131600656196591,0.6188560243584167,0.9310344827586207
LTE,262,7,O2,2902,26518,48.26558795478445,11.629702019814125,3079,-72,2025-01-07 14:07:41,True,4G,Germany,Munich Metropolitan,0.8880589084404482,0.6563748670301168,0.2478251413658112,0.4482758620689655
UMTS,262,7,O2,4366,13966,48.19304549761731,11.695455762586196,9913,-60,2025-08-10 22:11:37,True,3G,Germany,Munich Metropolitan,0.6454814035415215,0.7893134369066331,0.9909743366681165,0.8620689655172413
UMTS,262,1,Telekom,1083,39212,48.09704280674144,11.688184499009605,4014,-63,2025-08-16 05:57:01,True,3G,Germany,Munich Metropolitan,0.3244543233228883,0.7746126557751627,0.3494997825141366,0.7586206896551724
LTE,262,7,O2,1918,49708,48.03905203083365,11.747317780695944,4076,-69,2024-11-02 01:20:05,True,4G,Germany,Bavaria Region,0.13053674351919645,0.8941662137640504,0.3562418442801218,0.5517241379310345
NR,262,1,Telekom,4805,35387,48.10850936845979,11.578257355250726,3230,-81,2024-12-28 14:59:31,True,5G,Germany,Munich City Center,0.3627977988547186,0.552365880674128,0.26424532405393647,0.13793103448275862
LTE,262,2,Vodafone,2701,17917,48.27632999244494,11.440700866277135,3916,-84,2025-06-22 14:51:37,True,4G,Germany,Bavaria Region,0.9239796201859678,0.27425908172318975,0.33884297520661155,0.034482758620689655
LTE,262,1,Telekom,4144,49925,48.16696944696831,11.657385332766513,6882,-59,2025-03-25 12:57:31,True,4G,Germany,Munich Metropolitan,0.5582846976251604,0.7123440009255274,0.6613745106568073,0.896551724137931
LTE,262,1,Telekom,3016,27535,48.04357462110141,11.675359954321243,5698,-79,2025-08-10 18:39:55,True,4G,Germany,Munich Metropolitan,0.1456600065802487,0.7486844491315022,0.5326228795128317,0.20689655172413793
LTE,262,7,O2,4799,42345,48.074893174872805,11.565538790799344,3166,-77,2024-12-21 23:38:37,True,4G,Germany,Munich Metropolitan,0.2503873197646258,0.5266519410903405,0.25728577642453243,0.27586206896551724
GSM,262,7,O2,4689,14286,48.139929874363,11.31179129372676,4632,-76,2025-08-25 23:01:35,True,2G,Germany,Bavaria Region,0.4678660336830597,0.013634309721328279,0.4167029143105698,0.3103448275862069
GSM,262,7,O2,4444,49882,48.22853701533939,11.66237233102052,4310,-84,2024-10-13 05:34:43,True,2G,Germany,Munich Metropolitan,0.764162850935311,0.7224265359709107,0.3816876903001305,0.034482758620689655
GSM,262,1,Telekom,2525,48733,48.291016036811186,11.396707250811204,7152,-76,2024-11-20 19:27:39,True,2G,Germany,Bavaria Region,0.973088847227867,0.18531436044684516,0.6907351022183558,0.3103448275862069
LTE,262,1,Telekom,2418,45808,48.00761218095029,11.664231121445232,3753,-74,2025-04-29 07:32:48,True,4G,Germany,Bavaria Region,0.025403823613668993,0.7261845720969727,0.32111787733797303,0.3793103448275862
GSM,262,1,Telekom,3426,27493,48.14047860192332,11.54966701814377,8105,-85,2024-12-09 04:42:09,True,2G,Germany,Munich City Center,0.4697009448185536,0.494562957721725,0.794367116137451,0.0
LTE,262,7,O2,2425,13196,48.15683611100767,11.589850433554616,9453,-82,2025-05-03 07:57:08,True,4G,Germany,Munich City Center,0.5243994468406336,0.575804352542232,0.9409525880817747,0.10344827586206896
UMTS,262,1,Telekom,1085,34208,48.227362555537944,11.621348033970506,3326,-84,2025-07-31 16:12:43,True,3G,Germany,Munich Metropolitan,0.7602355297586546,0.6394850766699065,0.2746846454980426,0.034482758620689655
LTE,262,2,Vodafone,4170,40097,48.2420580950048,11.538407167297674,7431,-72,2025-01-07 17:12:04,True,4G,Germany,Munich Metropolitan,0.8093765078316808,0.471798193232322,0.7210743801652892,0.4482758620689655
LTE,262,2,Vodafone,1129,37304,48.13683804265978,11.62865452588907,7632,-69,2025-01-07 11:50:32,True,4G,Germany,Munich City Center,0.4575271390629682,0.6542570812056064,0.7429317094388864,0.5517241379310345
LTE,262,1,Telekom,1246,22554,48.10937870893033,11.796897647335504,8571,-77,2025-01-30 09:52:40,True,4G,Germany,Bavaria Region,0.36570481979784186,0.9944050182466918,0.8450413223140496,0.27586206896551724
LTE,262,7,O2,4560,17073,48.285969641127,11.580115800772917,5646,-57,2025-07-10 03:32:04,True,4G,Germany,Bavaria Region,0.9562140111441791,0.5561232194885893,0.5269682470639409,0.9655172413793104
NR,262,7,O2,1018,34381,48.192997777299254,11.358494778157203,2984,-61,2024-11-30 11:08:16,True,5G,Germany,Bavaria Region,0.6453218297396468,0.10805774733392413,0.23749456285341453,0.8275862068965517
LTE,262,7,O2,3404,34641,48.12998396602856,11.6326367003909,8598,-80,2025-09-22 16:53:33,True,4G,Germany,Munich Metropolitan,0.43460752932660507,0.6623080994587748,0.8479773814702044,0.1724137931034483
LTE,262,2,Vodafone,4513,11216,48.0233265841376,11.38197291067371,3738,-80,2025-03-02 19:06:10,True,4G,Germany,Bavaria Region,0.0779518191602035,0.15552499753951263,0.31948673336233147,0.1724137931034483
LTE,262,7,O2,1370,12985,48.04456757014257,11.435840999791287,7850,-75,2024-11-07 22:45:30,True,4G,Germany,Bavaria Region,0.14898036696368908,0.26443357714835536,0.7666376685515441,0.3448275862068966
UMTS,262,7,O2,3258,47317,48.07663419035421,11.7757141175111,5403,-73,2025-07-18 10:05:31,True,3G,Germany,Bavaria Region,0.25620916820983525,0.9515769138518662,0.5005437146585472,0.41379310344827586
LTE,262,7,O2,1512,16835,48.08050616599469,11.460565585034834,7136,-76,2025-08-19 13:24:07,True,4G,Germany,Munich Metropolitan,0.2691568160642872,0.314420860981927,0.6889952153110048,0.3103448275862069
UMTS,262,2,Vodafone,1125,10332,48.251751403605624,11.61865375393591,5190,-56,2024-11-20 20:48:50,True,3G,Germany,Munich Metropolitan,0.8417903342504012,0.6340378774756695,0.4773814702044367,1.0
LTE,262,1,Telekom,4176,33066,48.14596190036374,11.723491085541406,9655,-71,2025-05-24 18:57:22,True,4G,Germany,Munich Metropolitan,0.48803675678626735,0.8459942520597894,0.9629186602870813,0.4827586206896552
LTE,262,2,Vodafone,1143,36659,48.14396552519528,11.501836430780942,6509,-56,2025-07-28 20:57:25,True,4G,Germany,Munich Metropolitan,0.4813610012891601,0.39786078363546185,0.6208133971291866,1.0
LTE,262,2,Vodafone,3884,38353,48.02868246500297,11.634227141735957,7830,-58,2024-10-29 08:16:46,True,4G,Germany,Munich Metropolitan,0.09586155461160624,0.6655235969950477,0.7644628099173554,0.9310344827586207
UMTS,262,1,Telekom,4666,45762,48.002706730903746,11.478042240461605,9706,-76,2025-04-04 20:47:30,True,3G,Germany,Bavaria Region,0.009000301053699897,0.3497545390466597,0.9684645498042628,0.3103448275862069
UMTS,262,1,Telekom,3464,34767,48.03610876232554,11.347153005963419,7563,-67,2024-11-24 20:09:46,True,3G,Germany,Bavaria Region,0.1206946350653792,0.08512735718817326,0.7354284471509351,0.6206896551724138
LTE,262,7,O2,3370,42336,48.11129853018022,11.523737456006877,2328,-72,2025-09-24 15:19:35,True,4G,Germany,Munich Metropolitan,0.37212458371041207,0.4421394946201386,0.1661591996520226,0.4482758620689655
UMTS,262,2,Vodafone,2147,47554,48.29189588488548,11.782591989962254,6878,-66,2025-01-14 21:57:03,True,3G,Germany,Bavaria Region,0.9760310049502049,0.9654823508491028,0.6609395389299696,0.6551724137931034
LTE,262,7,O2,1500,17677,48.245127827359234,11.711850007636324,2209,-60,2025-06-16 02:15:12,True,4G,Germany,Bavaria Region,0.8196415035917529,0.8224587363114736,0.1532187907785994,0.8620689655172413
NR,262,7,O2,3704,36738,48.148633215231115,11.641996627138562,2499,-64,2024-12-25 19:38:34,True,5G,Germany,Munich Metropolitan,0.4969694690300079,0.6812316652289595,0.18475424097433668,0.7241379310344828
LTE,262,2,Vodafone,2723,30659,48.27450229121669,11.343358376332223,7861,-65,2025-07-22 04:38:42,True,4G,Germany,Bavaria Region,0.9178678999470414,0.0774555104595253,0.767833840800348,0.6896551724137931
NR,262,2,Vodafone,1905,34161,48.07809873999499,11.50452631969864,6665,-83,2025-08-15 00:18:14,True,5G,Germany,Munich Metropolitan,0.26110653192667715,0.4032991050263046,0.6377772944758591,0.06896551724137931
UMTS,262,7,O2,1638,44908,48.271580278505255,11.31877268716896,7737,-79,2025-04-21 22:55:52,True,3G,Germany,Bavaria Region,0.9080968695669945,0.027749041762794583,0.7543497172683775,0.20689655172413793
NR,262,2,Vodafone,3516,46424,48.20151179424925,11.62258111063606,6198,-76,2024-10-29 01:12:20,True,5G,Germany,Munich Metropolitan,0.6737921775752391,0.6419780670542743,0.5869943453675511,0.3103448275862069
NR,262,2,Vodafone,2515,20227,48.09949914189625,11.751630062023509,6561,-63,2025-08-03 21:52:09,True,5G,Germany,Bavaria Region,0.33266815666019495,0.9028846302134198,0.6264680295780775,0.7586206896551724
NR,262,7,O2,3704,15445,48.199019561533156,11.504100026599541,8707,-63,2025-01-14 06:49:12,True,5G,Germany,Munich Metropolitan,0.6654583050059026,0.40243724085624893,0.8598303610265333,0.7586206896551724
LTE,262,1,Telekom,4511,23139,48.14709883232633,11.535745872659138,2884,-73,2025-09-05 21:09:31,True,4G,Germany,Munich City Center,0.49183858718318674,0.4664176827343366,0.22662026968247065,0.41379310344827586
LTE,262,2,Vodafone,3107,18625,48.25340680453299,11.742544767398032,2049,-60,2025-06-30 11:35:48,True,4G,Germany,Bavaria Region,0.8473258929046021,0.8845163058641222,0.13581992170508916,0.8620689655172413
LTE,262,7,O2,3685,31950,48.13141693688982,11.344468407564536,8385,-66,2025-06-23 23:05:27,True,4G,Germany,Bavaria Region,0.43939929555140017,0.07969973197940938,0.824815137016094,0.6551724137931034
LTE,262,2,Vodafone,4623,13147,48.09595053091479,11.780976219126385,3566,-79,2025-01-20 02:45:01,True,4G,Germany,Bavaria Region,0.32080182029173565,0.962215643052511,0.30078294910830794,0.20689655172413793
LTE,262,7,O2,4141,41581,48.09418131789304,11.564152995644022,2451,-63,2025-06-16 17:59:55,True,4G,Germany,Munich City Center,0.3148856810098442,0.5238501899150666,0.1795345802522836,0.7586206896551724
LTE,262,7,O2,2125,19456,48.29805984719186,11.686877963504916,8575,-56,2024-11-02 00:34:20,True,4G,Germany,Bavaria Region,0.9966429149262888,0.7719711489321479,0.8454762940408873,1.0
UMTS,262,1,Telekom,1853,21310,48.23440302012191,11.693712472193738,2659,-60,2025-04-11 08:31:51,True,3G,Germany,Munich Metropolitan,0.7837784093191413,0.7857889146226901,0.2021531100478469,0.8620689655172413
LTE,262,7,O2,2681,18683,48.2893829819895,11.791765702803554,8376,-83,2025-02-08 16:26:21,True,4G,Germany,Bavaria Region,0.9676280125735397,0.9840294359908203,0.823836450630709,0.06896551724137931
UMTS,262,2,Vodafone,1597,20649,48.12107960587496,11.655485426750424,8256,-68,2025-07-15 14:01:49,True,3G,Germany,Munich Metropolitan,0.40483189788079965,0.7085028387645516,0.8107872988255763,0.5862068965517241
LTE,262,2,Vodafone,2431,16068,48.07329876689877,11.580598119099738,8773,-78,2024-10-10 14:42:48,True,4G,Germany,Munich Metropolitan,0.24505571778648255,0.5570983534640811,0.8670073945193563,0.2413793103448276
UMTS,262,1,Telekom,3222,38790,48.184817660613916,11.722036272692717,2381,-79,2025-06-04 18:46:51,True,3G,Germany,Munich Metropolitan,0.6179680238058399,0.8430529633758423,0.17192257503262287,0.20689655172413793
UMTS,262,2,Vodafone,1899,26708,48.111938269077754,11.406917382548428,4711,-61,2025-07-14 21:16:15,True,3G,Germany,Bavaria Region,0.374263831147162,0.205956840314531,0.4252936059156155,0.8275862068965517
LTE,262,1,Telekom,4636,21735,48.17035221108143,11.652732869903819,7721,-64,2025-01-07 16:36:35,True,4G,Germany,Munich Metropolitan,0.5695964522894885,0.7029378175921452,0.7526098303610266,0.7241379310344828
LTE,262,2,Vodafone,2010,33056,48.284376823913895,11.629326426389953,3882,-64,2025-09-11 19:04:17,True,4G,Germany,Bavaria Region,0.9508877285725269,0.6556155056529624,0.33514571552849065,0.7241379310344828
UMTS,262,2,Vodafone,2617,29097,48.160310798436704,11.70863556899714,9223,-80,2024-12-08 00:12:25,True,3G,Germany,Munich Metropolitan,0.5360185874067794,0.8159598990189694,0.9159417137886038,0.1724137931034483
UMTS,262,7,O2,1541,17689,48.02710650593887,11.656840043863506,5056,-57,2024-12-01 14:39:02,True,3G,Germany,Munich Metropolitan,0.09059164465097837,0.7112415552870095,0.4628099173553719,0.9655172413793104
LTE,262,2,Vodafone,1572,30037,48.13186165714101,11.358774419268816,8340,-73,2024-10-29 12:59:17,True,4G,Germany,Bavaria Region,0.44088641265666645,0.10862311575082663,0.8199217050891692,0.41379310344827586
NR,262,1,Telekom,1183,48450,48.099069607885134,11.416204927987915,7369,-63,2024-10-19 17:26:30,True,5G,Germany,Bavaria Region,0.33123182140556917,0.22473406813969563,0.714332318399304,0.7586206896551724
GSM,262,7,O2,4226,17573,48.01507002301108,11.762702598280201,6652,-71,2025-06-09 22:01:15,True,2G,Germany,Bavaria Region,0.05034238772748152,0.9252706887526737,0.6363636363636364,0.4827586206896552
UMTS,262,2,Vodafone,4837,11909,48.28689798629459,11.64826153996056,3765,-56,2025-04-19 12:36:07,True,3G,Germany,Bavaria Region,0.9593183401569269,0.6938978423292407,0.3224227925184863,1.0
LTE,262,2,Vodafone,3511,20867,48.11126475473099,11.698486373417602,2228,-66,2025-05-31 22:45:17,True,4G,Germany,Munich Metropolitan,0.372011640690262,0.7954406176996098,0.15528490648107873,0.6551724137931034
LTE,262,2,Vodafone,4941,42084,48.12559261556159,11.47851360262016,2217,-63,2025-02-22 06:24:33,True,4G,Germany,Munich Metropolitan,0.419923124069128,0.3507075222322617,0.1540887342322749,0.7586206896551724
UMTS,262,7,O2,4124,38795,48.18829353524249,11.542089686121765,9587,-65,2024-12-18 10:52:41,True,3G,Germany,Munich Metropolitan,0.6295911342940526,0.47924337833326686,0.9555241409308395,0.6896551724137931
LTE,262,1,Telekom,2877,31109,48.05564476211565,11.313739904009358,3430,-85,2025-09-10 07:27:02,True,4G,Germany,Bavaria Region,0.1860218140699676,0.01757394042970103,0.2859939103958243,0.0
LTE,262,2,Vodafone,3574,11809,48.00900011908852,11.386673800031108,3942,-61,2024-11-29 16:51:34,True,4G,Germany,Bavaria Region,0.030045003188687695,0.165029087831171,0.341670291431057,0.8275862068965517
LTE,262,1,Telekom,1018,29992,48.26436347027308,11.470497116425285,4274,-82,2024-10-15 06:36:34,True,4G,Germany,Bavaria Region,0.8839643077175807,0.3345000766139102,0.3777729447585907,0.10344827586206896
LTE,262,7,O2,4860,28753,48.100571538655565,11.663497592277215,2978,-83,2025-03-17 00:32:02,True,4G,Germany,Munich Metropolitan,0.3362541853156112,0.7247015490104112,0.23684210526315788,0.06896551724137931
LTE,262,7,O2,2633,12102,48.25884330469008,11.59064930748767,8563,-85,2025-08-30 08:25:46,True,4G,Germany,Munich Metropolitan,0.8655052142977377,0.5774194873420851,0.8441713788603741,0.0
UMTS,262,1,Telekom,4474,17229,48.25782678158792,11.733245987422663,3207,-73,2025-08-28 14:06:10,True,3G,Germany,Bavaria Region,0.8621060237075201,0.865716364455357,0.2617442366246194,0.41379310344827586
GSM,262,1,Telekom,1580,11463,48.06526099869264,11.768344357220704,6527,-82,2025-05-05 06:33:52,True,2G,Germany,Bavaria Region,0.21817791639207607,0.9366769955805337,0.6227707698999565,0.10344827586206896
NR,262,2,Vodafone,1413,32871,48.134976607411225,11.586656032193266,8874,-82,2025-07-14 09:56:29,True,5G,Germany,Munich City Center,0.45130261433966673,0.5693460259027657,0.8779904306220095,0.10344827586206896
UMTS,262,7,O2,1075,36179,48.17291227171792,11.76751467048545,7277,-60,2024-11-15 03:11:15,True,3G,Germany,Bavaria Region,0.5781571372433905,0.934999564557141,0.7043279686820356,0.8620689655172413
LTE,262,1,Telekom,1696,47904,48.2434480067172,11.627565733022069,8827,-77,2024-12-13 11:19:33,True,4G,Germany,Munich Metropolitan,0.8140242869170689,0.652055798654548,0.872879512831666,0.27586206896551724
LTE,262,1,Telekom,4543,25263,48.13176700611345,11.74644552339814,9996,-71,2025-03-25 19:53:05,True,4G,Germany,Bavaria Region,0.4405699054552541,0.8924027150969657,1.0,0.4827586206896552
NR,262,2,Vodafone,1267,26062,48.13113782433503,11.311103199417774,7181,-61,2024-10-30 09:14:32,True,5G,Germany,Bavaria Region,0.43846596037402064,0.012243145210833061,0.6938886472379295,0.8275862068965517
NR,262,1,Telekom,1345,45979,48.09761114965644,11.444197150405417,6020,-60,2025-09-21 02:52:14,True,5G,Germany,Munich Metropolitan,0.3263548269952264,0.28132774416430617,0.567638103523271,0.8620689655172413
LTE,262,1,Telekom,4697,20098,48.17125599580691,11.672348887474888,4283,-70,2024-11-10 21:31:22,True,4G,Germany,Munich Metropolitan,0.572618652697832,0.7425967816698251,0.37875163114397564,0.5172413793103449
LTE,262,2,Vodafone,4546,33716,48.22756746499696,11.57343848239744,4796,-63,2025-05-28 20:17:11,True,4G,Germany,Munich Metropolitan,0.76092073435799,0.5426232555622297,0.43453675511091777,0.7586206896551724
NR,262,7,O2,4095,12318,48.266954282046136,11.792340978016911,3347,-60,2025-02-04 08:27:24,True,5G,Germany,Bavaria Region,0.8926278225765018,0.9851925068811609,0.27696824706394085,0.8620689655172413
NR,262,2,Vodafone,2351,16431,48.27903710383535,11.542791948306919,3548,-61,2025-02-16 18:38:20,True,5G,Germany,Munich Metropolitan,0.9330320337960475,0.4806631869500379,0.29882557633753803,0.8275862068965517
LTE,262,1,Telekom,4218,14037,48.28134061133281,11.419445667321217,8564,-57,2025-09-12 19:43:47,True,4G,Germany,Bavaria Region,0.9407348208682039,0.23128607923669348,0.8442801217920836,0.9655172413793104
LTE,262,7,O2,4763,15709,48.213058670190016,11.614713772203121,3600,-66,2025-07-14 23:26:46,True,4G,Germany,Munich Metropolitan,0.7124042189158704,0.626072163056764,0.3044802087864289,0.6551724137931034
UMTS,262,1,Telekom,3212,34545,48.280258298249635,11.636079190094312,7202,-60,2025-03-08 02:59:21,True,3G,Germany,Bavaria Region,0.9371156326370846,0.6692680022520281,0.6961722488038278,0.8620689655172413
LTE,262,7,O2,1031,32449,48.15939520046396,11.359293425656606,8022,-75,2025-01-30 22:16:35,True,4G,Germany,Bavaria Region,0.5329568842278171,0.10967242433830594,0.7853414528055677,0.3448275862068966
NR,262,7,O2,4176,37307,48.15588469809035,11.462322078618655,6942,-71,2025-05-25 19:50:36,True,5G,Germany,Munich Metropolitan,0.5212179806947966,0.3179720770068444,0.6678990865593737,0.4827586206896552
LTE,262,2,Vodafone,4186,49379,48.261004715424285,11.680012207031899,2188,-57,2024-11-04 08:50:49,True,4G,Germany,Bavaria Region,0.8727328385530997,0.758090207586996,0.1509351892127012,0.9655172413793104
LTE,262,2,Vodafone,2496,19791,48.01774220952687,11.5198701463127,7823,-78,2025-06-01 01:18:27,True,4G,Germany,Munich Metropolitan,0.05927801470979735,0.43432070593466904,0.7637016093953893,0.2413793103448276
LTE,262,2,Vodafone,3379,43569,48.136772885899944,11.609041260252049,2809,-82,2024-12-14 13:19:27,True,4G,Germany,Munich City Center,0.45730925887464713,0.6146036808899465,0.21846454980426272,0.10344827586206896
LTE,262,2,Vodafone,4681,32807,48.20702182263464,11.356810991899295,5153,-65,2025-06-23 17:32:54,True,4G,Germany,Bavaria Region,0.6922173728311705,0.10465352838504999,0.4733579817311875,0.6896551724137931
LTE,262,1,Telekom,4968,39085,48.203663571736755,11.608162559539133,8411,-76,2025-07-11 16:03:40,True,4G,Germany,Munich Metropolitan,0.6809875888474825,0.6128271551562043,0.8276424532405393,0.3103448275862069
LTE,262,1,Telekom,4726,26327,48.27782638857739,11.670914277731633,7316,-62,2025-06-05 14:44:31,True,4G,Germany,Bavaria Region,0.9289834766077689,0.7396963389032393,0.7085689430187038,0.7931034482758621
NR,262,1,Telekom,3490,41622,48.09581039734046,11.512643605047858,4025,-67,2025-04-22 19:01:02,True,5G,Germany,Munich Metropolitan,0.3203332222576747,0.41971034277660724,0.3506959547629404,0.6206896551724138
LTE,262,1,Telekom,4248,32044,48.0565646324412,11.393617035294943,7627,-70,2025-04-08 04:16:50,True,4G,Germany,Bavaria Region,0.18909780373336182,0.1790666730297805,0.7423879947803392,0.5172413793103449
LTE,262,7,O2,3888,38558,48.08334269792662,11.783179004732897,5889,-62,2024-11-23 11:04:12,True,4G,Germany,Bavaria Region,0.27864200398709893,0.9666691563572875,0.5533927794693345,0.7931034482758621
LTE,262,7,O2,3169,49310,48.07026832243713,11.769388165248984,2422,-65,2025-03-05 05:10:38,True,4G,Germany,Bavaria Region,0.23492209831800354,0.9387873293905219,0.17638103523270987,0.6896551724137931
NR,262,2,Vodafone,1414,42722,48.26547354790146,11.629337842002027,5101,-71,2025-09-02 01:59:49,True,5G,Germany,Munich Metropolitan,0.8876763388763133,0.6556385853299409,0.4677033492822967,0.4827586206896552
UMTS,262,7,O2,2064,14574,48.20561809211759,11.748383239389458,5624,-62,2025-08-27 20:02:01,True,3G,Germany,Bavaria Region,0.687523384514903,0.8963203201161287,0.5245759025663332,0.7931034482758621
GSM,262,1,Telekom,3770,45924,48.15527087171347,11.740136495266407,5554,-57,2025-01-22 18:50:49,True,2G,Germany,Bavaria Region,0.5191653831297453,0.8796473472382772,0.5169638973466725,0.9655172413793104
NR,262,1,Telekom,3327,31890,48.275841396370666,11.579882671357984,2242,-65,2025-09-02 08:19:14,True,5G,Germany,Munich Metropolitan,0.9223457850330115,0.55565188675967,0.15680730752501087,0.6896551724137931
UMTS,262,2,Vodafone,3441,15597,48.25103387011623,11.380811117059565,9579,-69,2025-02-19 22:24:28,True,3G,Germany,Bavaria Region,0.8393909464941065,0.15317612468384176,0.954654197477164,0.5517241379310345
NR,262,1,Telekom,3031,16531,48.00034878350989,11.526968338013312,2468,-84,2025-07-26 14:02:42,True,5G,Germany,Munich Metropolitan,0.00111547032393612,0.4486715765255598,0.18138321009134406,0.034482758620689655
LTE,262,2,Vodafone,1754,14869,48.16102941015317,11.464299006604485,2657,-59,2024-11-18 19:52:12,True,4G,Germany,Munich Metropolitan,0.5384215806879361,0.3219689594367319,0.201935624184428,0.896551724137931
LTE,262,2,Vodafone,3067,20367,48.03868905092612,11.481140967040913,2851,-81,2025-07-10 05:01:16,True,4G,Germany,Munich Metropolitan,0.1293229610842588,0.3560194338271675,0.22303175293605915,0.13793103448275862
LTE,262,2,Vodafone,4949,27416,48.05459128943401,11.465810570149516,9873,-61,2025-06-22 12:11:10,True,4G,Germany,Munich Metropolitan,0.18249906636371488,0.3250249846526738,0.986624619399739,0.8275862068965517
NR,262,2,Vodafone,4710,22575,48.02468764765535,11.604932863464333,5424,-85,2024-11-01 05:15:45,True,5G,Germany,Munich Metropolitan,0.08250313166101532,0.6062974709250253,0.5028273162244454,0.0
NR,262,1,Telekom,4925,11119,48.119350577309795,11.426461276292406,4240,-65,2025-03-27 18:53:46,True,5G,Germany,Bavaria Region,0.39905013294457137,0.24546998701325395,0.3740756850804698,0.6896551724137931
UMTS,262,1,Telekom,3332,44539,48.175565524076276,11.319890114494749,8846,-67,2025-07-03 10:01:29,True,3G,Germany,Bavaria Region,0.5870294495704255,0.03000821644044529,0.8749456285341453,0.6206896551724138
LTE,262,1,Telekom,3905,34746,48.14159343360866,11.668595801979102,5322,-64,2025-05-03 03:51:16,True,4G,Germany,Munich Metropolitan,0.4734288732507199,0.7350089273911173,0.49173553719008267,0.7241379310344828
UMTS,262,1,Telekom,2831,12179,48.145304410195784,11.472690084721412,7005,-62,2024-10-14 19:58:29,True,3G,Germany,Munich Metropolitan,0.48583815019550775,0.33893374163100587,0.6747498912570683,0.7931034482758621
LTE,262,7,O2,4849,19507,48.120455885718734,11.697372299035898,5744,-69,2025-08-15 14:34:04,True,4G,Germany,Munich Metropolitan,0.4027462161275038,0.7931882218846196,0.5376250543714659,0.5517241379310345
NR,262,7,O2,2730,37219,48.13772980661246,11.583410870539078,7906,-72,2025-10-07 16:43:59,True,5G,Germany,Munich City Center,0.46050914274808613,0.5627850739152667,0.7727272727272727,0.4482758620689655
NR,262,7,O2,3132,34405,48.28242933509424,11.75686987659884,7273,-67,2025-07-23 09:25:07,True,5G,Germany,Bavaria Region,0.9443754460122402,0.9134783002722826,0.7038929969551979,0.6206896551724138
NR,262,2,Vodafone,4594,28316,48.190411807936684,11.48015943870052,4126,-79,2025-09-06 09:24:24,True,5G,Germany,Munich Metropolitan,0.6366745076028723,0.3540350148669048,0.36167899086559374,0.20689655172413793
NR,262,1,Telekom,1733,14812,48.16147712529007,11.51005262784418,6953,-64,2025-08-30 23:55:48,True,5G,Germany,Munich Metropolitan,0.5399187125064036,0.41447199755824404,0.6690952588081774,0.7241379310344828
LTE,262,1,Telekom,2121,25516,48.29407212982141,11.325383030348144,2527,-60,2025-02-12 19:02:15,True,4G,Germany,Bavaria Region,0.9833082338616943,0.04111359762815415,0.18779904306220097,0.8620689655172413
NR,262,1,Telekom,4472,46322,48.16409094471535,11.6069086704196,6467,-71,2024-12-22 06:23:47,True,5G,Germany,Munich City Center,0.5486591635360597,0.6102920868953396,0.6162461939973902,0.4827586206896552
LTE,262,2,Vodafone,4579,46102,48.12144337679277,11.37219170906788,7063,-83,2025-08-11 10:39:44,True,4G,Germany,Bavaria Region,0.40604832540535024,0.13574971329964527,0.6810569812962157,0.06896551724137931
LTE,262,1,Telekom,3613,46330,48.09739559202617,11.463692274479499,8692,-56,2024-11-04 21:25:55,True,4G,Germany,Munich Metropolitan,0.3256340155676192,0.32074229008540156,0.8581992170508916,1.0
LTE,262,1,Telekom,4787,30049,48.198202133544484,11.332859455027906,3667,-66,2024-12-08 04:19:29,True,4G,Germany,Bavaria Region,0.6627248762020002,0.056229166154227926,0.31176598521096127,0.6551724137931034
LTE,262,2,Vodafone,4672,10084,48.100667857050794,11.770305147477378,7587,-85,2025-05-08 16:12:02,True,4G,Germany,Bavaria Region,0.33657626809172647,0.9406412513256966,0.7380382775119617,0.0
LTE,262,2,Vodafone,2926,37152,48.18104789309373,11.316332468218537,3368,-76,2025-09-24 22:56:20,True,4G,Germany,Bavaria Region,0.6053621536050315,0.02281549419913411,0.27925184862983904,0.3103448275862069
LTE,262,2,Vodafone,3595,36418,48.299063778699306,11.317838839779144,2927,-70,2025-08-21 13:29:48,True,4G,Germany,Bavaria Region,1.0,0.02586102244630842,0.2312962157459765,0.5172413793103449
LTE,262,7,O2,3767,43617,48.206117681538025,11.389248841286804,4897,-85,2025-07-15 14:44:33,True,4G,Germany,Bavaria Region,0.689193980739731,0.17023521431878222,0.4455197912135711,0.0
GSM,262,1,Telekom,3203,46611,48.29234599198644,11.716012944009703,9191,-75,2024-11-16 01:35:53,True,2G,Germany,Bavaria Region,0.9775361353490358,0.8308752124637497,0.9124619399739017,0.3448275862068966
GSM,262,2,Vodafone,1236,32534,48.2227782424619,11.723517505043644,8223,-69,2025-07-10 02:33:18,True,2G,Germany,Bavaria Region,0.7449058694315962,0.8460476660662966,0.8071987820791648,0.5517241379310345
LTE,262,7,O2,3325,40853,48.25612227201728,11.535091968753443,5499,-65,2025-04-19 20:08:21,True,4G,Germany,Munich Metropolitan,0.8564062487775034,0.4650956431606945,0.5109830361026533,0.6896551724137931
LTE,262,7,O2,1265,25646,48.03059053637143,11.770462728643217,8056,-83,2025-05-02 00:12:23,True,4G,Germany,Bavaria Region,0.10224202764496865,0.9409598433014978,0.7890387124836885,0.06896551724137931
LTE,262,1,Telekom,4452,12761,48.000015203699064,11.316183954514663,7483,-63,2025-02-15 06:31:21,True,4G,Germany,Bavaria Region,0.0,0.0225152344942464,0.7267290126141801,0.7586206896551724
LTE,262,2,Vodafone,2633,44730,48.187526123242314,11.746689357757171,4834,-57,2025-05-07 04:12:29,True,4G,Germany,Bavaria Region,0.6270249558724641,0.8928956906997187,0.4386689865158765,0.9655172413793104
GSM,262,2,Vodafone,3109,38227,48.058566059647944,11.744135504791757,4135,-71,2024-11-23 15:19:19,True,2G,Germany,Bavaria Region,0.1957904529350548,0.8877324019410244,0.3626576772509787,0.4827586206896552
LTE,262,7,O2,3752,40484,48.124894412898485,11.667632700747262,4877,-60,2025-07-02 08:39:14,True,4G,Germany,Munich Metropolitan,0.41758837740430405,0.7330617637011224,0.44334493257938234,0.8620689655172413
UMTS,262,2,Vodafone,2220,45654,48.27266273304968,11.725942720292402,4210,-64,2025-02-08 16:04:41,True,3G,Germany,Bavaria Region,0.9117165308358128,0.8509508796815306,0.3708133971291866,0.7241379310344828
LTE,262,1,Telekom,4124,25646,48.03987202224327,11.525003339043307,7625,-62,2025-08-29 12:33:25,True,4G,Germany,Munich Metropolitan,0.13327874424473177,0.4446988117540281,0.7421705089169204,0.7931034482758621
LTE,262,1,Telekom,4044,30091,48.212003727861294,11.341541356483555,9766,-85,2025-10-05 01:27:13,True,4G,Germany,Bavaria Region,0.7088765568003736,0.07378192459299253,0.974989125706829,0.0
GSM,262,7,O2,2183,43640,48.25992807154279,11.537818079024266,6630,-82,2025-03-19 16:29:16,True,2G,Germany,Munich Metropolitan,0.8691326077829112,0.4706071955902664,0.6339712918660287,0.10344827586206896
UMTS,262,1,Telekom,3035,10226,48.17553147722392,11.327196022067369,6786,-56,2025-07-30 05:13:15,True,3G,Germany,Bavaria Region,0.5869155989949594,0.044779039566375294,0.6509351892127012,1.0
UMTS,262,2,Vodafone,4539,10358,48.213073898586515,11.420286661028085,5289,-69,2025-07-19 03:38:05,True,3G,Germany,Bavaria Region,0.7124551417350122,0.23298637029166414,0.48814702044367114,0.5517241379310345
LTE,262,7,O2,4139,18221,48.19370763231715,11.503242651737512,5276,-69,2025-03-15 10:29:52,True,4G,Germany,Munich Metropolitan,0.6476955411605912,0.40070383096654355,0.4867333623314485,0.5517241379310345
LTE,262,1,Telekom,2841,38558,48.22263292086532,11.582256359589818,2273,-64,2025-08-22 07:13:23,True,4G,Germany,Munich Metropolitan,0.7444199229709697,0.5604509248914863,0.16017833840800347,0.7241379310344828
UMTS,262,2,Vodafone,1326,31820,48.19392936607144,11.513805684685954,6189,-71,2025-03-31 15:13:54,True,3G,Germany,Munich Metropolitan,0.648437005166187,0.42205979390529225,0.5860156589821661,0.4827586206896552
UMTS,262,7,O2,1297,18307,48.14816407123539,11.537066841165059,6656,-75,2025-09-28 22:26:09,True,3G,Germany,Munich City Center,0.49540068042861646,0.46908836970401563,0.6367986080904742,0.3448275862068966
GSM,262,1,Telekom,2015,32741,48.10372406540469,11.573338322859115,9796,-79,2025-04-23 07:40:08,True,2G,Germany,Munich City Center,0.34679604042768986,0.5424207565831125,0.9782514136581122,0.20689655172413793
LTE,262,1,Telekom,1753,32903,48.044559733564235,11.453440276674467,5771,-71,2024-11-09 07:45:58,True,4G,Germany,Bavaria Region,0.1489541619288254,0.30001516689634716,0.5405611135276207,0.4827586206896552
UMTS,262,1,Telekom,2615,49965,48.10290800077486,11.47777523419299,8094,-85,2025-06-20 12:14:36,True,3G,Germany,Munich Metropolitan,0.34406717061170733,0.34921471530429443,0.7931709438886473,0.0
UMTS,262,7,O2,2429,38415,48.1782154886026,11.617910240939807,9355,-81,2025-04-02 00:34:16,True,3G,Germany,Munich Metropolitan,0.5958907675898308,0.6325346694418837,0.9302957807742497,0.13793103448275862
UMTS,262,7,O2,1432,21310,48.18810797598865,11.777712225172724,2163,-77,2025-06-25 12:00:24,True,3G,Germany,Bavaria Region,0.6289706355879942,0.9556166165942085,0.1482166159199652,0.27586206896551724
UMTS,262,2,Vodafone,4025,23848,48.259701016688126,11.635673455926366,9585,-81,2025-02-20 01:17:53,True,3G,Germany,Munich Metropolitan,0.8683733503456815,0.6684477033950667,0.9553066550674206,0.13793103448275862
GSM,262,2,Vodafone,4911,44762,48.07378655304399,11.411633673528813,7857,-74,2024-10-29 01:11:35,True,2G,Germany,Bavaria Region,0.2466868445865818,0.21549206905774085,0.7673988690735102,0.3793103448275862
LTE,262,7,O2,1110,32215,48.033303629948755,11.335410425844426,2456,-57,2025-02-14 20:15:53,True,4G,Germany,Bavaria Region,0.11131444531933808,0.06138662788717325,0.1800782949108308,0.9655172413793104
LTE,262,1,Telekom,1866,30527,48.12826547921175,11.329428190402629,7907,-71,2025-07-19 20:24:28,True,4G,Germany,Bavaria Region,0.4288610153470231,0.049291957823237136,0.7728360156589822,0.4827586206896552
NR,262,1,Telekom,2660,26252,48.17843358637798,11.6655838249143,3553,-84,2024-12-21 08:07:21,True,5G,Germany,Munich Metropolitan,0.5966200731060791,0.728919419682278,0.2993692909960853,0.034482758620689655
UMTS,262,1,Telekom,4298,24222,48.075403978104035,11.65270393113829,9854,-73,2025-01-18 18:47:56,True,3G,Germany,Munich Metropolitan,0.2520954142814744,0.7028793102290495,0.9845585036972597,0.41379310344827586
LTE,262,7,O2,1702,27858,48.0894301406665,11.317097246593924,5513,-56,2025-05-04 17:45:32,True,4G,Germany,Bavaria Region,0.29899803724984897,0.024361695817632395,0.5125054371465855,1.0
NR,262,1,Telekom,1707,49927,48.175418549218065,11.381410694155967,7766,-68,2025-02-01 14:23:41,True,5G,Germany,Bavaria Region,0.5865379747048091,0.15438832825379967,0.7575032622879513,0.5862068965517241
UMTS,262,2,Vodafone,3268,33135,48.03416122497504,11.62620154859504,5930,-73,2025-08-24 00:38:28,True,3G,Germany,Munich Metropolitan,0.11418219022092023,0.6492977392782828,0.5578512396694215,0.41379310344827586
LTE,262,2,Vodafone,2109,15601,48.27585692026814,11.799665023209663,9605,-62,2024-10-26 18:11:01,True,4G,Germany,Bavaria Region,0.922397695989197,1.0,0.9574815137016094,0.7931034482758621
NR,262,1,Telekom,1691,17424,48.25320865655748,11.479973750041982,3986,-83,2025-06-17 04:27:57,True,5G,Germany,Bavaria Region,0.8466632982892957,0.35365959616573767,0.3464549804262723,0.06896551724137931
LTE,262,1,Telekom,4426,28077,48.158463506728275,11.450421955412029,9085,-78,2025-06-24 02:02:27,True,4G,Germany,Munich Metropolitan,0.5298413578097881,0.29391283271519975,0.9009351892127012,0.2413793103448276
GSM,262,1,Telekom,2013,34584,48.07379150690004,11.783331848988905,8763,-72,2025-04-01 12:00:09,True,2G,Germany,Bavaria Region,0.24670340997582976,0.9669781714178883,0.8659199652022619,0.4482758620689655
LTE,262,2,Vodafone,4284,46963,48.1565518504783,11.475932299074993,8687,-79,2024-11-26 15:42:32,True,4G,Germany,Munich Metropolitan,0.5234488971536165,0.3454887348713477,0.8576555023923444,0.20689655172413793
UMTS,262,7,O2,2232,37407,48.03684875221202,11.551750284011135,7092,-82,2025-10-04 09:45:27,True,3G,Germany,Munich Metropolitan,0.12316911562922296,0.4987748302844777,0.6842105263157895,0.10344827586206896
LTE,262,1,Telekom,4375,38680,48.09278414598092,11.724502536829007,6434,-73,2025-02-03 17:44:43,True,4G,Germany,Munich Metropolitan,0.31021362426415944,0.8480391681665357,0.6126576772509786,0.41379310344827586
GSM,262,1,Telekom,1778,38438,48.02050181983621,11.415461861597487,6514,-68,2025-06-18 11:09:44,True,2G,Germany,Bavaria Region,0.06850598146850168,0.22323176303732095,0.6213571117877338,0.5862068965517241
UMTS,262,2,Vodafone,3281,14818,48.15180658288046,11.696857226077888,7146,-85,2025-08-06 03:48:46,True,3G,Germany,Munich Metropolitan,0.5075810148276877,0.7921468657650569,0.6900826446280992,0.0
LTE,262,2,Vodafone,1662,24992,48.24281425043653,11.643798566172064,3163,-57,2025-07-17 05:36:55,True,4G,Germany,Munich Metropolitan,0.8119050449823092,0.6848747612417416,0.2569595476294041,0.9655172413793104
LTE,262,7,O2,4920,29005,48.05014786845991,11.762802904402152,6306,-77,2025-07-19 01:11:51,True,4G,Germany,Bavaria Region,0.16764054054029356,0.9254734840893316,0.5987385819921706,0.27586206896551724
LTE,262,1,Telekom,3346,16571,48.23111226680475,11.71071320307026,4275,-85,2025-03-22 00:20:18,True,4G,Germany,Bavaria Region,0.7727743330845133,0.8201603854211594,0.3778816876903001,0.0
UMTS,262,1,Telekom,2702,20284,48.23237932024254,11.472007746305943,4404,-83,2025-05-30 17:55:23,True,3G,Germany,Munich Metropolitan,0.7770112816731906,0.3375542141805499,0.39190952588081773,0.06896551724137931
LTE,262,1,Telekom,2910,39024,48.0709515843005,11.739691082521418,3947,-56,2025-04-19 11:44:18,True,4G,Germany,Bavaria Region,0.23720688386955402,0.8787468276506865,0.3422140060896042,1.0
LTE,262,2,Vodafone,2127,38415,48.05829311589077,11.723547995659462,4736,-62,2025-03-06 18:07:40,True,4G,Germany,Bavaria Region,0.19487774583663695,0.8461093109049129,0.42801217920835144,0.7931034482758621
UMTS,262,7,O2,1471,45846,48.092877674087354,11.66868159302586,9397,-64,2024-12-14 11:27:39,True,3G,Germany,Munich Metropolitan,0.3105263764865462,0.7351823766669083,0.934862983906046,0.7241379310344828
LTE,262,2,Vodafone,1716,44981,48.051661555418534,11.787334227159764,8283,-79,2024-12-31 16:32:39,True,4G,Germany,Bavaria Region,0.17270221641894667,0.9750700367278747,0.8137233579817312,0.20689655172413793
LTE,262,1,Telekom,1091,46257,48.179042455267115,11.52715936359344,5557,-75,2024-10-25 14:23:11,True,4G,Germany,Munich Metropolitan,0.5986560931377333,0.4490577852242833,0.5172901261418008,0.3448275862068966
LTE,262,7,O2,4768,26190,48.200146859891014,11.491321899510265,8834,-56,2025-03-27 13:22:28,True,4G,Germany,Munich Metropolitan,0.6692279212224552,0.37660287965741573,0.873640713353632,1.0
UMTS,262,7,O2,1556,23602,48.280524163859255,11.468794756660424,5704,-78,2025-03-28 05:09:34,True,3G,Germany,Bavaria Region,0.9380046708464121,0.3310583064117109,0.5332753371030883,0.2413793103448276
NR,262,7,O2,3681,43462,48.07540698309579,11.515018124607913,2942,-68,2025-03-21 10:53:25,True,5G,Germany,Munich Metropolitan,0.2521054627886579,0.42451106165814323,0.2329273597216181,0.5862068965517241
LTE,262,1,Telekom,4993,44739,48.14392530276807,11.539329636944927,5867,-84,2025-07-12 22:55:34,True,4G,Germany,Munich City Center,0.481226499972077,0.4736632094350572,0.5510004349717268,0.034482758620689655
UMTS,262,7,O2,2507,46176,48.176249779580864,11.575164252799194,4303,-60,2024-11-21 03:43:39,True,3G,Germany,Munich City Center,0.5893175577969477,0.5461123565543906,0.3809264897781644,0.8620689655172413
LTE,262,7,O2,2988,18919,48.24836767205172,11.308290557267188,8345,-62,2025-04-06 05:20:11,True,4G,Germany,Bavaria Region,0.8304753445237308,0.006556645715749045,0.8204654197477164,0.7931034482758621
LTE,262,1,Telekom,3133,11735,48.17251234535218,11.772794122244846,2275,-76,2025-05-10 23:54:52,True,4G,Germany,Bavaria Region,0.5768198081297593,0.9456733716597879,0.16039582427142235,0.3103448275862069
UMTS,262,7,O2,3625,13006,48.13248609112116,11.36998824757504,3983,-77,2025-09-30 06:44:35,True,3G,Germany,Bavaria Region,0.44297448139315604,0.131294833512018,0.346128751631144,0.27586206896551724
UMTS,262,1,Telekom,3314,26875,48.22421823017205,11.463091318290692,3898,-59,2025-05-14 23:20:28,True,3G,Germany,Munich Metropolitan,0.7497210995665281,0.3195272983156503,0.33688560243584165,0.896551724137931
LTE,262,1,Telekom,3311,18303,48.081607143158145,11.530436084667896,5685,-73,2025-08-21 09:50:05,True,4G,Germany,Munich Metropolitan,0.27283841582931695,0.45568254292107707,0.531209221400609,0.41379310344827586
LTE,262,2,Vodafone,3111,28217,48.28943651645869,11.50620270007483,8595,-60,2024-12-29 18:43:49,True,4G,Germany,Bavaria Region,0.9678070285384056,0.40668835102789525,0.8476511526750761,0.8620689655172413
NR,262,1,Telekom,2647,42314,48.19836041788781,11.320725079037821,7983,-77,2025-07-14 19:45:07,True,5G,Germany,Bavaria Region,0.6632541692886774,0.031696317947281165,0.7811004784688995,0.27586206896551724
LTE,262,2,Vodafone,4699,43555,48.070840214064035,11.3757340061693,6425,-73,2025-08-29 03:26:48,True,4G,Germany,Bavaria Region,0.2368344686642062,0.14291140312729,0.6116789908655937,0.41379310344827586
UMTS,262,2,Vodafone,3393,21896,48.14199415804473,11.67176071401567,7205,-76,2025-05-11 23:17:50,True,3G,Germany,Munich Metropolitan,0.47476887106234295,0.7414076335664432,0.6964984775989561,0.3103448275862069
NR,262,1,Telekom,2460,12040,48.23714518125155,11.571733043060854,7710,-73,2025-10-08 10:26:54,True,5G,Germany,Munich Metropolitan,0.792948027096577,0.539175259191851,0.7514136581122227,0.41379310344827586
LTE,262,7,O2,2500,48962,48.1352211866133,11.387305784590007,7928,-67,2025-08-29 19:45:45,True,4G,Germany,Bavaria Region,0.4521204721143607,0.1663068116519315,0.7751196172248804,0.6206896551724138
LTE,262,7,O2,4408,12986,48.12044863475865,11.798083204345659,5343,-58,2025-09-25 22:12:08,True,4G,Germany,Bavaria Region,0.4027219693639763,0.9968019350881163,0.49401913875598086,0.9310344827586207
UMTS,262,7,O2,4569,31559,48.04733159728343,11.485365765540276,7128,-62,2025-09-11 21:15:22,True,3G,Germany,Munich Metropolitan,0.1582231033347306,0.36456098061741915,0.6881252718573293,0.7931034482758621
LTE,262,7,O2,2512,30581,48.289610374504825,11.672314847740974,8039,-67,2024-11-26 17:08:08,True,4G,Germany,Bavaria Region,0.9683883991272204,0.7425279613509407,0.7871900826446281,0.6206896551724138
UMTS,262,7,O2,4235,20882,48.215029446743756,11.798631491057034,6699,-82,2025-02-26 06:35:55,True,3G,Germany,Bavaria Region,0.718994374223378,0.9979104415885771,0.64147455415398,0.10344827586206896
UMTS,262,7,O2,3842,10116,48.0693700766034,11.746178514581729,4462,-56,2024-12-20 16:21:42,True,3G,Germany,Bavaria Region,0.23191841962222406,0.8918628862035561,0.3982166159199652,1.0
UMTS,262,2,Vodafone,4646,47467,48.24106897267666,11.317026078503867,4995,-57,2025-07-28 18:34:49,True,3G,Germany,Bavaria Region,0.8060689437406563,0.024217810713693996,0.45617659852109615,0.9655172413793104
GSM,262,7,O2,1322,32019,48.23314365873147,11.376136417471681,2224,-65,2024-12-14 17:21:36,True,2G,Germany,Bavaria Region,0.779567182462643,0.14372498393327107,0.15484993475424097,0.6896551724137931
UMTS,262,7,O2,1866,24066,48.02811614759012,11.548151151879884,5205,-59,2025-06-09 05:12:40,True,3G,Germany,Munich Metropolitan,0.09396782409356638,0.4914982334223994,0.4790126141800783,0.896551724137931
UMTS,262,1,Telekom,1513,21132,48.064666700985114,11.590222591117096,7616,-70,2025-10-02 09:08:57,True,3G,Germany,Munich Metropolitan,0.21619062149350754,0.5765567674168681,0.7411918225315355,0.5172413793103449
LTE,262,1,Telekom,2883,21663,48.17543742508184,11.653681000602429,3086,-84,2025-07-19 04:27:37,True,4G,Germany,Munich Metropolitan,0.5866010944296676,0.7048547143924718,0.24858634188777728,0.034482758620689655
NR,262,2,Vodafone,1681,37567,48.259482920532584,11.565195612353316,8013,-84,2025-09-23 11:26:53,True,5G,Germany,Munich Metropolitan,0.8676440502460495,0.525958115158855,0.7843627664201827,0.034482758620689655
LTE,262,2,Vodafone,3287,10506,48.16352421413726,11.345593039100512,4588,-75,2025-02-16 19:36:59,True,4G,Germany,Bavaria Region,0.5467640514189541,0.08197347187204139,0.4119182253153545,0.3448275862068966
LTE,262,1,Telekom,2210,15699,48.2219676921463,11.517485305145346,7814,-65,2025-01-17 02:31:52,True,4G,Germany,Munich Metropolitan,0.7421954391424761,0.42949911919595474,0.7627229230100043,0.6896551724137931
LTE,262,1,Telekom,3090,39101,48.09358505548555,11.616758864205272,9845,-81,2025-01-07 17:49:55,True,4G,Germany,Munich Metropolitan,0.3128918162756931,0.6302068570615483,0.9835798173118747,0.13793103448275862
LTE,262,1,Telekom,4433,32182,48.055346812618176,11.404308490614941,8795,-56,2025-02-24 23:39:21,True,4G,Germany,Bavaria Region,0.1850254893174682,0.20068227573495367,0.8693997390169639,1.0
LTE,262,7,O2,2888,16641,48.19048943908361,11.444694570731228,5747,-75,2025-03-22 18:59:17,True,4G,Germany,Munich Metropolitan,0.6369341013726451,0.28233341082224866,0.5379512831665941,0.3448275862068966
UMTS,262,1,Telekom,2228,46953,48.05461321574603,11.364634306426918,3463,-67,2025-06-20 20:17:15,True,3G,Germany,Bavaria Region,0.18257238659947558,0.12047042642234648,0.28958242714223575,0.6206896551724138
LTE,262,2,Vodafone,4154,18718,48.137928496719745,11.596543997402014,4907,-75,2025-04-20 00:44:52,True,4G,Germany,Munich City Center,0.46117355021861967,0.5893371609837941,0.4466072205306655,0.3448275862068966
NR,262,7,O2,4201,45084,48.28710201289103,11.450881610094486,5867,-74,2025-06-12 12:07:47,True,5G,Germany,Bavaria Region,0.9600005925182441,0.2948421461435574,0.5510004349717268,0.3793103448275862
GSM,262,7,O2,2278,42916,48.15228098632993,11.795602959972287,3137,-75,2025-04-19 00:29:37,True,2G,Germany,Bavaria Region,0.5091673907181796,0.991787465553154,0.25413223140495866,0.3448275862068966
LTE,262,1,Telekom,2288,29627,48.18976694104478,11.702629123588506,3675,-82,2025-07-30 13:31:06,True,4G,Germany,Munich Metropolitan,0.6345181124690619,0.8038162821083241,0.3126359286646368,0.10344827586206896
LTE,262,7,O2,1536,47233,48.09487086496182,11.638105360900193,9795,-80,2024-12-01 22:11:48,True,4G,Germany,Munich Metropolitan,0.31719148390083046,0.6733644420576371,0.9781426707264028,0.1724137931034483
NR,262,1,Telekom,2734,25325,48.00105517448517,11.572072408577931,8958,-64,2025-09-07 05:12:27,True,5G,Germany,Munich Metropolitan,0.0034775981998970795,0.5398613762796941,0.8871248368856024,0.7241379310344828
LTE,262,7,O2,1397,10331,48.21309402813758,11.510120491989078,5957,-71,2025-07-27 01:45:21,True,4G,Germany,Munich Metropolitan,0.7125224537128999,0.4146092028638011,0.5607872988255763,0.4827586206896552
LTE,262,7,O2,1972,15880,48.22605366731647,11.612141878270828,2774,-77,2025-04-18 01:15:52,True,4G,Germany,Munich Metropolitan,0.7558586882322501,0.6208723997152563,0.21465854719443236,0.27586206896551724
LTE,262,2,Vodafone,4678,30297,48.18920991194091,11.34093593518657,3532,-67,2025-01-06 08:06:22,True,4G,Germany,Bavaria Region,0.6326554414836768,0.07255790542692062,0.29708568943018704,0.6206896551724138
UMTS,262,7,O2,1791,32305,48.08158030428145,11.71615099086023,9309,-62,2025-03-26 18:23:26,True,3G,Germany,Munich Metropolitan,0.27274866828013494,0.8311543106581841,0.9252936059156155,0.7931034482758621
LTE,262,7,O2,4569,28401,48.01580121100185,11.367119349370313,4571,-79,2024-11-22 09:36:26,True,4G,Germany,Bavaria Region,0.05278743529466226,0.1254945975348834,0.410069595476294,0.20689655172413793
LTE,262,7,O2,3568,47559,48.24677689682669,11.616743544904095,8168,-73,2025-09-23 15:04:08,True,4G,Germany,Munich Metropolitan,0.8251558902343014,0.6301758850452933,0.8012179208351458,0.41379310344827586
LTE,262,1,Telekom,1861,20390,48.11741749725974,11.65136589254344,7953,-82,2025-06-22 08:10:35,True,4G,Germany,Munich Metropolitan,0.39258603242158185,0.7001741115629355,0.7778381905176164,0.10344827586206896
LTE,262,1,Telekom,2523,29844,48.074675670447505,11.747798389635296,9757,-64,2025-09-04 17:46:18,True,4G,Germany,Bavaria Region,0.24965999837444494,0.8951378917609787,0.9740104393214442,0.7241379310344828
GSM,262,1,Telekom,3262,47108,48.21302390964492,11.517918584503454,3723,-71,2025-09-11 09:20:27,True,2G,Germany,Munich Metropolitan,0.7122879817958697,0.4303751079350822,0.31785558938668984,0.4827586206896552
LTE,262,2,Vodafone,3907,28136,48.280302448921155,11.60990101218964,5009,-72,2025-04-27 01:43:06,True,4G,Germany,Munich Metropolitan,0.9372632697609883,0.6163418966661672,0.4576989995650283,0.4482758620689655
LTE,262,1,Telekom,2849,30442,48.09608956900497,11.560438555086916,8866,-66,2025-02-20 22:47:07,True,4G,Germany,Munich City Center,0.3212667550943015,0.5163404665938455,0.877120487168334,0.6551724137931034
UMTS,262,7,O2,1091,13049,48.205917483316625,11.643297840946072,6225,-62,2024-10-23 03:51:33,True,3G,Germany,Munich Metropolitan,0.6885245302285572,0.6838624128545905,0.5899304045237059,0.7931034482758621
NR,262,1,Telekom,3046,16051,48.26132126485819,11.609399831710117,4571,-56,2025-01-14 05:10:27,True,5G,Germany,Munich Metropolitan,0.8737913603464375,0.6153286278636789,0.410069595476294,1.0
UMTS,262,7,O2,4717,13371,48.26077182713929,11.574688931720852,5680,-76,2025-03-01 19:11:34,True,3G,Germany,Munich Metropolitan,0.8719540744844269,0.5451513693660867,0.5306655067420618,0.3103448275862069
LTE,262,7,O2,4580,47937,48.110804445328306,11.761066053837654,8991,-61,2025-03-29 16:34:18,True,4G,Germany,Bavaria Region,0.3704723944233871,0.9219619816196704,0.8907133536320139,0.8275862068965517
LTE,262,1,Telekom,2941,19601,48.03340072258363,11.412602102574931,5616,-79,2025-09-03 13:23:26,True,4G,Germany,Bavaria Region,0.1116391171050978,0.2174500043324534,0.5237059591126577,0.20689655172413793
LTE,262,1,Telekom,2497,13425,48.263831036185046,11.76196997923879,9911,-57,2025-06-12 21:06:29,True,4G,Germany,Bavaria Region,0.8821838809489999,0.9237895057275931,0.9907568508046977,0.9655172413793104
NR,262,2,Vodafone,3509,28552,48.0173567347136,11.625189411621594,5621,-85,2025-08-19 01:09:27,True,5G,Germany,Munich Metropolitan,0.05798901069675134,0.6472514368763744,0.5242496737712049,0.0
GSM,262,7,O2,4940,13245,48.23186530528551,11.58051780231895,9087,-57,2024-11-26 21:38:26,True,2G,Germany,Munich Metropolitan,0.7752924473432382,0.5569359718638098,0.9011526750761201,0.9655172413793104
NR,262,7,O2,4594,24635,48.19461193165606,11.725989303719903,4870,-81,2024-12-02 07:23:09,True,5G,Germany,Bavaria Region,0.6507194624045305,0.8510450603923294,0.44258373205741625,0.13793103448275862
LTE,262,2,Vodafone,4089,28504,48.19677205529972,11.309097835225613,9706,-61,2025-08-03 20:12:52,True,4G,Germany,Bavaria Region,0.6579427827084428,0.008188771474092067,0.9684645498042628,0.8275862068965517
LTE,262,2,Vodafone,1147,47584,48.000350957635156,11.42253485957275,3973,-56,2025-04-25 00:29:04,True,4G,Germany,Bavaria Region,0.0011227404647947382,0.23753169785365918,0.3450413223140496,1.0
LTE,262,2,Vodafone,1644,38448,48.00951649499162,11.561762526713665,8392,-59,2025-05-23 15:32:26,True,4G,Germany,Munich Metropolitan,0.03177173237675714,0.5190172251660091,0.82557633753806,0.896551724137931
UMTS,262,7,O2,4085,27060,48.26308309510932,11.666171788123279,6530,-78,2025-07-23 18:05:19,True,3G,Germany,Bavaria Region,0.8796828120984892,0.730108142709233,0.6230969986950848,0.2413793103448276
LTE,262,2,Vodafone,3264,31114,48.183245268525994,11.412813679296699,4232,-83,2025-04-04 05:11:22,True,4G,Germany,Bavaria Region,0.6127100415936818,0.21787776259571182,0.37320574162679426,0.06896551724137931
UMTS,262,2,Vodafone,1959,15071,48.17398886122144,11.368639322259213,6587,-85,2025-07-13 21:58:41,True,3G,Germany,Bavaria Region,0.5817571861769736,0.12856762446206374,0.6292953458025229,0.0
UMTS,262,7,O2,3822,21330,48.1633638335858,11.59459291158172,2324,-79,2025-09-19 07:26:53,True,3G,Germany,Munich City Center,0.5462277487414936,0.585392525321681,0.16572422792518487,0.20689655172413793
NR,262,1,Telekom,4295,14122,48.09982499619707,11.305047525570357,9039,-65,2024-12-12 19:38:43,True,5G,Germany,Bavaria Region,0.33375779335489714,0.0,0.895933014354067,0.6896551724137931
UMTS,262,1,Telekom,1433,36103,48.15944446848379,11.322614530869393,7554,-60,2025-05-30 07:10:45,True,3G,Germany,Bavaria Region,0.5331216334490068,0.03551634421119103,0.7344497607655502,0.8620689655172413
LTE,262,2,Vodafone,1374,24405,48.181730260620235,11.779001285538525,4172,-70,2024-10-26 03:44:49,True,4G,Germany,Bavaria Region,0.6076439485492396,0.9582227928252426,0.36668116572422793,0.5172413793103449
LTE,262,7,O2,4978,16276,48.21066924513752,11.755632576653664,3910,-78,2025-07-14 00:52:22,True,4G,Germany,Bavaria Region,0.7044141288360329,0.9109767714119384,0.33819051761635494,0.2413793103448276
LTE,262,1,Telekom,2046,14853,48.08180683153641,11.73564486724955,5010,-84,2025-04-18 13:30:30,True,4G,Germany,Bavaria Region,0.27350616145648304,0.870566334054766,0.4578077424967377,0.034482758620689655
LTE,262,1,Telekom,2121,11095,48.15228504314216,11.652297530013472,4171,-72,2025-02-06 22:02:08,True,4G,Germany,Munich Metropolitan,0.5091809564481957,0.7020576629424932,0.3665724227925185,0.4482758620689655
LTE,262,2,Vodafone,1728,40996,48.097556831198496,11.575275038179546,5831,-73,2025-01-11 20:54:34,True,4G,Germany,Munich City Center,0.32617318942032303,0.5463363384815988,0.547085689430187,0.41379310344827586
LTE,262,7,O2,1365,17291,48.27160322893944,11.72028793496251,3570,-85,2025-04-24 18:56:08,True,4G,Germany,Bavaria Region,0.9081736144041367,0.8395182365646159,0.3012179208351457,0.0
LTE,262,7,O2,1428,15385,48.00409954247037,11.704627522579441,6530,-73,2025-07-24 06:25:35,True,4G,Germany,Bavaria Region,0.013657777072849972,0.8078565738498674,0.6230969986950848,0.41379310344827586
LTE,262,7,O2,2925,42830,48.11943614152541,11.443051147682398,7926,-68,2025-01-11 11:08:01,True,4G,Germany,Munich Metropolitan,0.3993362544070017,0.27901079676861523,0.7749021313614615,0.5862068965517241
LTE,262,2,Vodafone,2692,48621,48.06630807906889,11.719366857371506,8853,-67,2025-01-05 05:25:33,True,4G,Germany,Bavaria Region,0.2216792886231665,0.8376560347715133,0.8757068290561113,0.6206896551724138
LTE,262,1,Telekom,4058,17529,48.19606926992814,11.450799882684622,3426,-76,2025-02-06 15:37:48,True,4G,Germany,Munich Metropolitan,0.65559271174897,0.2946769125837789,0.2855589386689865,0.3103448275862069
LTE,262,7,O2,1918,47163,48.106981461722384,11.471816530884416,2127,-69,2025-03-10 01:47:42,True,4G,Germany,Munich Metropolitan,0.3576885729123884,0.3371676216672654,0.1443018703784254,0.5517241379310345
LTE,262,1,Telekom,4987,24770,48.04405149907533,11.660871522217535,6933,-79,2025-03-31 12:45:39,True,4G,Germany,Munich Metropolitan,0.1472546571279606,0.7193922543085179,0.6669204001739887,0.20689655172413793
UMTS,262,7,O2,2462,27670,48.19507203911216,11.794922652177789,7857,-68,2025-03-27 13:46:26,True,3G,Germany,Bavaria Region,0.6522580333744779,0.9904120435396885,0.7673988690735102,0.5862068965517241
LTE,262,1,Telekom,4889,48294,48.1904211594032,11.690626511123645,8670,-72,2024-11-01 16:20:51,True,4G,Germany,Munich Metropolitan,0.6367057783304345,0.7795498286930134,0.855806872553284,0.4482758620689655
LTE,262,2,Vodafone,3795,23639,48.0424743185238,11.384193905109107,7355,-76,2025-07-09 08:35:56,True,4G,Germany,Bavaria Region,0.1419806625886879,0.1600153248045159,0.7128099173553719,0.3103448275862069
LTE,262,2,Vodafone,4166,34048,48.10569659933703,11.399102418208429,4957,-62,2025-03-31 07:22:51,True,4G,Germany,Bavaria Region,0.3533920723008966,0.1901568243884899,0.45204436711613744,0.7931034482758621
NR,262,7,O2,3124,31108,48.13114175796833,11.765548703863379,2295,-60,2025-10-05 13:16:37,True,5G,Germany,Bavaria Region,0.4384791142012935,0.9310248434212034,0.16257068290561114,0.8620689655172413
LTE,262,7,O2,3645,22410,48.222784326047126,11.755703902632483,6887,-67,2025-03-12 22:39:11,True,4G,Germany,Bavaria Region,0.7449262125655726,0.9111209757297388,0.6619182253153545,0.6206896551724138
GSM,262,1,Telekom,3363,39319,48.199939174444104,11.43187531094568,2594,-62,2024-11-12 22:41:10,True,2G,Germany,Bavaria Region,0.6685334338907254,0.2564158890064386,0.19508481948673337,0.7931034482758621
LTE,262,2,Vodafone,4508,26657,48.09647349910923,11.400638378371793,4160,-61,2025-10-02 09:57:46,True,4G,Germany,Bavaria Region,0.32255059369564876,0.19326217381647257,0.36537625054371464,0.8275862068965517
UMTS,262,1,Telekom,2264,42536,48.01874304545566,11.525976400917845,6508,-58,2025-07-15 16:03:06,True,3G,Germany,Munich Metropolitan,0.06262474835928684,0.44666611351585783,0.6207046541974771,0.9310344827586207
LTE,262,7,O2,1239,23733,48.051425035620625,11.466490770898417,2271,-64,2025-01-08 08:41:36,True,4G,Germany,Munich Metropolitan,0.171911308794964,0.3264001902451721,0.15996085254458461,0.7241379310344828
GSM,262,7,O2,3747,13509,48.00601987738746,11.648446542850857,4202,-62,2025-02-04 13:44:40,True,2G,Germany,Munich Metropolitan,0.02007925865685829,0.6942718745686598,0.36994345367551107,0.7931034482758621
UMTS,262,1,Telekom,2113,33068,48.00720023187871,11.455393990948524,4932,-78,2025-06-19 13:56:29,True,3G,Germany,Bavaria Region,0.024026291312850414,0.30396511667245035,0.4493257938234015,0.2413793103448276
LTE,262,2,Vodafone,1008,48160,48.270149176502834,11.53940455158936,9759,-83,2025-02-19 02:11:56,True,4G,Germany,Munich Metropolitan,0.9033113526909494,0.4738146691888878,0.974227925184863,0.06896551724137931
LTE,262,1,Telekom,4943,14894,48.14517381154583,11.526249404433296,2254,-80,2024-11-09 04:28:02,True,4G,Germany,Munich Metropolitan,0.485401436360797,0.447218062277788,0.15811222270552414,0.1724137931034483
LTE,262,2,Vodafone,2446,20077,48.097121257432796,11.62230853374819,6780,-73,2024-12-28 00:47:38,True,4G,Germany,Munich Metropolitan,0.32471665759869833,0.6414269808327583,0.6502827316224445,0.41379310344827586
NR,262,7,O2,3098,21299,48.24415954755493,11.714523736785168,4759,-70,2025-07-20 20:47:02,True,5G,Germany,Bavaria Region,0.8164036356156099,0.8278643864585169,0.43051326663766853,0.5172413793103449
GSM,262,7,O2,1435,36320,48.28088346946068,11.596662387221448,4672,-60,2025-06-06 18:56:18,True,2G,Germany,Munich Metropolitan,0.9392061666282525,0.5895765172944769,0.42105263157894735,0.8620689655172413
GSM,262,7,O2,4154,38023,48.17018063830217,11.461195342156389,3356,-79,2024-12-20 11:51:02,True,2G,Germany,Munich Metropolitan,0.5690227234922238,0.31569408144938005,0.2779469334493258,0.20689655172413793
NR,262,2,Vodafone,2959,40137,48.13341715717096,11.655402875273523,3108,-67,2024-10-20 12:53:46,True,5G,Germany,Munich Metropolitan,0.4460879088682774,0.7083359391354553,0.25097868638538495,0.6206896551724138
LTE,262,1,Telekom,1669,39352,48.291173652328325,11.382988626890974,6475,-56,2025-02-22 05:58:11,True,4G,Germany,Bavaria Region,0.9736159038009976,0.15757853632880273,0.6171161374510656,1.0
LTE,262,7,O2,4870,23624,48.02286194174862,11.496894025602256,3649,-83,2025-10-02 05:12:32,True,4G,Germany,Munich Metropolitan,0.07639808365426998,0.38786840527789107,0.30980861244019137,0.06896551724137931
NR,262,1,Telekom,4233,30866,48.203978767952414,11.436851909742309,8626,-78,2025-06-02 02:29:11,True,5G,Germany,Bavaria Region,0.6820415855624278,0.2664773988001305,0.8510221835580687,0.2413793103448276
NR,262,7,O2,3130,11338,48.256412105125555,11.402118263784919,7195,-83,2025-01-19 18:32:51,True,5G,Germany,Bavaria Region,0.8573754328248638,0.1962541533161645,0.6954110482818617,0.06896551724137931
GSM,262,1,Telekom,2440,15428,48.032022317005485,11.684775066544253,3445,-63,2025-05-16 08:48:40,True,2G,Germany,Munich Metropolitan,0.10702981382337119,0.7677195869257499,0.28762505437146585,0.7586206896551724
NR,262,1,Telekom,3842,46041,48.037681620229,11.746739224947772,4189,-77,2025-06-18 19:40:45,True,5G,Germany,Bavaria Region,0.12595417493598463,0.8929965104055295,0.3685297955632884,0.27586206896551724
LTE,262,7,O2,4900,38043,48.1540541593513,11.392239563227823,7074,-57,2025-08-15 22:51:44,True,4G,Germany,Bavaria Region,0.5150967719946772,0.1762817491771192,0.6822531535450196,0.9655172413793104
NR,262,2,Vodafone,4892,47218,48.143240979775584,11.333260344233125,7971,-70,2025-04-27 03:44:32,True,5G,Germany,Bavaria Region,0.47893816607019013,0.057039669638500316,0.7797955632883863,0.5172413793103449
LTE,262,2,Vodafone,2550,32877,48.004124119825114,11.516771646074796,9453,-79,2024-10-13 23:57:19,True,4G,Germany,Munich Metropolitan,0.013739962232044767,0.4280562687631325,0.9409525880817747,0.20689655172413793
GSM,262,7,O2,4873,31605,48.16505457725768,11.673947441950462,6998,-64,2025-04-10 22:27:20,True,2G,Germany,Munich Metropolitan,0.5518814913546402,0.7458286820437582,0.6739886907351023,0.7241379310344828
GSM,262,7,O2,2801,44357,48.038000303382724,11.636056190530182,9052,-58,2025-01-31 05:52:35,True,2G,Germany,Munich Metropolitan,0.12701983175686002,0.6692215025543014,0.8973466724662897,0.9310344827586207
UMTS,262,2,Vodafone,3296,26524,48.124929510516644,11.367199949786338,4880,-56,2025-01-04 19:26:51,True,3G,Germany,Bavaria Region,0.41770574167584196,0.12565755257874994,0.4436711613745107,1.0
LTE,262,1,Telekom,2940,23933,48.05225999593094,11.580584342787677,6161,-83,2025-09-20 22:34:25,True,4G,Germany,Munich Metropolitan,0.17470336460166191,0.5570705010081396,0.5829708568943018,0.06896551724137931
LTE,262,7,O2,1361,11941,48.212390601351686,11.648046390352674,4434,-56,2024-11-08 23:33:10,True,4G,Germany,Munich Metropolitan,0.7101702379034904,0.6934628605323718,0.3951718138321009,1.0
LTE,262,7,O2,3965,10937,48.09814118239852,11.610020666034531,8977,-64,2025-08-13 01:18:54,True,4G,Germany,Munich City Center,0.32812722381097326,0.6165838085383957,0.8891909525880818,0.7241379310344828
UMTS,262,2,Vodafone,1839,45472,48.09909109976117,11.53290036485787,5051,-67,2025-02-05 01:43:09,True,3G,Germany,Munich Metropolitan,0.33130368891416206,0.4606647366399317,0.4622662026968247,0.6206896551724138
NR,262,2,Vodafone,4725,22343,48.285988907943526,11.720019502045957,9778,-77,2025-01-07 05:54:36,True,5G,Germany,Bavaria Region,0.9562784381909548,0.8389755284763786,0.9762940408873423,0.27586206896551724
UMTS,262,2,Vodafone,3417,44211,48.04989725053209,11.35358827631463,2942,-67,2025-08-15 18:49:00,True,3G,Germany,Bavaria Region,0.16680248963896976,0.09813795705964047,0.2329273597216181,0.6206896551724138
UMTS,262,2,Vodafone,1272,39228,48.10950274701899,11.595405361835308,8255,-76,2025-09-23 06:50:54,True,3G,Germany,Munich City Center,0.36611959552002726,0.587035108241745,0.810678555893867,0.3103448275862069
GSM,262,1,Telekom,1378,10045,48.073872548162804,11.685778743501556,9039,-81,2024-11-07 20:08:36,True,2G,Germany,Munich Metropolitan,0.2469744069627478,0.7697487851690263,0.895933014354067,0.13793103448275862
LTE,262,2,Vodafone,3519,44640,48.10901916683812,11.679392788826137,9943,-64,2025-08-08 23:35:12,True,4G,Germany,Munich Metropolitan,0.36450253320539727,0.756837889970417,0.9942366246193998,0.7241379310344828
LTE,262,7,O2,4090,28894,48.18202478485685,11.694096729249893,9491,-63,2025-06-28 20:24:46,True,4G,Germany,Munich Metropolitan,0.6086288194405823,0.7865657918217145,0.9450848194867334,0.7586206896551724
LTE,262,7,O2,1275,13059,48.00946899947798,11.726934497197238,6393,-57,2025-03-01 03:16:54,True,4G,Germany,Bavaria Region,0.031612910306994396,0.8529560188235341,0.6081992170508916,0.9655172413793104
NR,262,7,O2,1452,33723,48.01873208648079,11.734783251240597,8493,-68,2025-06-20 09:14:13,True,5G,Germany,Bavaria Region,0.06258810222288942,0.8688243495656102,0.8365593736407133,0.5862068965517241
LTE,262,1,Telekom,3342,47344,48.24896972631346,11.669194554830213,7720,-81,2025-01-03 22:50:33,True,4G,Germany,Munich Metropolitan,0.8324885768614544,0.7362194645313702,0.7525010874293171,0.13793103448275862
GSM,262,2,Vodafone,2654,11173,48.25454633224808,11.567829437908436,5162,-63,2024-12-29 23:24:23,True,2G,Germany,Munich Metropolitan,0.851136403337861,0.5312830896445764,0.47433666811657244,0.7586206896551724
LTE,262,1,Telekom,4627,31120,48.004055054671895,11.398579205278565,5768,-83,2025-07-30 13:44:51,True,4G,Germany,Bavaria Region,0.013509012617188627,0.18909901116441166,0.5402348847324924,0.06896551724137931
GSM,262,1,Telekom,3611,10032,48.042750753649116,11.587586507086366,4923,-60,2025-08-30 19:33:10,True,2G,Germany,Munich Metropolitan,0.14290504460694234,0.5712272268257826,0.44834710743801653,0.8620689655172413
LTE,262,1,Telekom,4430,49770,48.113133321936004,11.697894924957449,9697,-84,2025-03-15 06:31:36,True,4G,Germany,Munich Metropolitan,0.37826001423631167,0.7942448483162471,0.9674858634188778,0.034482758620689655
LTE,262,7,O2,4729,27573,48.01728563929889,11.7961385583219,5293,-70,2025-05-21 17:42:49,True,4G,Germany,Bavaria Region,0.057751272012623193,0.99287031917675,0.4885819921705089,0.5172413793103449
LTE,262,2,Vodafone,3714,28115,48.05167723755778,11.77567550811239,9334,-73,2025-05-01 10:52:54,True,4G,Germany,Bavaria Region,0.17275465652587374,0.9514988547478205,0.9280121792083514,0.41379310344827586
UMTS,262,1,Telekom,3221,15109,48.129203741282254,11.774968563160634,3816,-74,2025-08-30 06:30:39,True,3G,Germany,Bavaria Region,0.4319985058717803,0.9500695786806994,0.3279686820356677,0.3793103448275862
LTE,262,7,O2,3076,13813,48.01850366901304,11.721327321537268,6881,-64,2025-05-12 17:13:10,True,4G,Germany,Bavaria Region,0.06182428829150581,0.8416196312377101,0.6612657677250978,0.7241379310344828
NR,262,2,Vodafone,4883,40416,48.106863887151945,11.722090402387634,9739,-75,2025-04-17 03:00:14,True,5G,Germany,Munich Metropolitan,0.3572954107967067,0.8431624008607169,0.9720530665506742,0.3448275862068966
LTE,262,7,O2,3783,42181,48.29110779335948,11.482248643202768,6765,-67,2025-03-17 10:41:19,True,4G,Germany,Bavaria Region,0.9733956754690434,0.358258893949669,0.648651587646803,0.6206896551724138
LTE,262,2,Vodafone,4484,23210,48.29047614752742,11.640448994732012,2285,-80,2025-06-06 18:59:25,True,4G,Germany,Bavaria Region,0.9712834907443451,0.6781027172763757,0.16148325358851676,0.1724137931034483
UMTS,262,2,Vodafone,2833,22045,48.23317845198871,11.422449611270036,5259,-69,2025-10-01 05:34:26,True,3G,Germany,Bavaria Region,0.7796835289700133,0.23735934587840415,0.484884732492388,0.5517241379310345
GSM,262,2,Vodafone,2303,33640,48.06150297892575,11.62292355693803,7053,-61,2025-06-17 07:52:50,True,2G,Germany,Munich Metropolitan,0.20561132995413214,0.6426704127630368,0.6799695519791213,0.8275862068965517
UMTS,262,2,Vodafone,1298,38845,48.13658201701312,11.599525244797645,6945,-58,2025-08-09 17:26:49,True,3G,Germany,Munich City Center,0.45667100508318414,0.595364540544485,0.6682253153545019,0.9310344827586207
LTE,262,2,Vodafone,4486,24902,48.040563380267315,11.645620454974086,2230,-85,2024-10-31 07:08:50,True,4G,Germany,Munich Metropolitan,0.1355906028584758,0.6885581909843554,0.15550239234449761,0.0
LTE,262,1,Telekom,3963,18879,48.12159747553104,11.788010200362388,7625,-77,2025-07-07 19:43:27,True,4G,Germany,Bavaria Region,0.40656362208673713,0.9764366952182231,0.7421705089169204,0.27586206896551724
UMTS,262,7,O2,2573,39002,48.03216850339727,11.46707066552141,4247,-65,2025-02-13 03:16:43,True,3G,Germany,Bavaria Region,0.10751865210587458,0.32757260049301085,0.37483688560243583,0.6896551724137931
LTE,262,1,Telekom,3960,36287,48.019474427631046,11.36547254946615,4346,-77,2025-09-24 13:51:45,True,4G,Germany,Bavaria Region,0.06507044526784984,0.12216515627568172,0.3856024358416703,0.27586206896551724
UMTS,262,1,Telekom,3534,41187,48.183453385331205,11.733055771328367,2156,-57,2025-01-24 05:14:12,True,3G,Germany,Bavaria Region,0.6134059713609824,0.8653317923461938,0.14745541539799914,0.9655172413793104
NR,262,1,Telekom,1185,34870,48.155714834678115,11.425990695567833,3674,-56,2025-09-30 22:26:01,True,5G,Germany,Bavaria Region,0.5206499679154952,0.24451858370298213,0.31252718573292737,1.0
LTE,262,7,O2,4223,47307,48.28496179865837,11.650711990090981,9791,-72,2025-09-30 18:06:14,True,4G,Germany,Bavaria Region,0.9528438480573851,0.6988520749273935,0.977707698999565,0.4482758620689655
NR,262,7,O2,4944,30132,48.150347400075354,11.50375154846789,8035,-81,2025-05-08 11:49:36,True,5G,Germany,Munich Metropolitan,0.5027015974784977,0.4017327002095563,0.7867551109177904,0.13793103448275862
LTE,262,1,Telekom,3573,34773,48.054752829135104,11.56264672092622,5640,-76,2024-11-23 21:25:41,True,4G,Germany,Munich Metropolitan,0.18303924516609316,0.5208048574612163,0.5263157894736842,0.3103448275862069
UMTS,262,2,Vodafone,1939,25734,48.04140800836818,11.791013098608362,2318,-70,2025-08-02 02:20:55,True,3G,Germany,Bavaria Region,0.13841498716080466,0.9825078476952505,0.16507177033492823,0.5172413793103449
NR,262,1,Telekom,3882,14213,48.25421519797089,11.686950372958151,7448,-82,2025-01-09 09:38:31,True,5G,Germany,Bavaria Region,0.8500291107276582,0.7721175437798449,0.7229230100043497,0.10344827586206896
NR,262,2,Vodafone,2390,27044,48.01544307353534,11.357974301012076,3857,-81,2025-06-28 15:12:30,True,5G,Germany,Bavaria Region,0.05158984568396824,0.10700546522176488,0.3324271422357547,0.13793103448275862
LTE,262,1,Telekom,1148,41788,48.19198340055501,11.415598437212788,5510,-84,2024-11-20 13:26:27,True,4G,Germany,Bavaria Region,0.6419298164379834,0.22350788674089497,0.5121792083514571,0.034482758620689655
LTE,262,7,O2,2123,20094,48.10836558604848,11.482800667735912,4503,-85,2024-10-27 23:00:34,True,4G,Germany,Munich Metropolitan,0.36231699933472805,0.3593749574447515,0.4026750761200522,0.0
UMTS,262,1,Telekom,4093,46878,48.01850719371286,11.796035908815375,7856,-70,2025-03-09 02:57:07,True,3G,Germany,Bavaria Region,0.0618360746704036,0.9926627860688131,0.7672901261418008,0.5172413793103449
NR,262,1,Telekom,2012,29986,48.10173286096466,11.629259059793762,6167,-64,2025-01-06 00:23:27,True,5G,Germany,Munich Metropolitan,0.3401375755276989,0.6554793062736183,0.5836233144845585,0.7241379310344828
NR,262,7,O2,3365,17915,48.033483764107295,11.387576511634077,4580,-56,2025-03-14 06:48:35,True,5G,Germany,Bavaria Region,0.1119168028411568,0.16685415792528807,0.41104828186167897,1.0
LTE,262,7,O2,1468,40170,48.29741064725416,11.55422652105018,7147,-66,2025-07-26 10:03:42,True,4G,Germany,Bavaria Region,0.9944720303544525,0.503781197933953,0.6901913875598086,0.6551724137931034
UMTS,262,7,O2,3080,30075,48.28822426259456,11.425958967949283,8705,-60,2025-09-12 01:39:20,True,3G,Germany,Bavaria Region,0.9637533263459401,0.24445443793640165,0.8596128751631144,0.8620689655172413
UMTS,262,1,Telekom,3683,41945,48.23717121140248,11.702766831267635,4935,-60,2024-11-17 13:07:04,True,3G,Germany,Bavaria Region,0.7930350703166767,0.8040946945781325,0.4496520226185298,0.8620689655172413
LTE,262,7,O2,3491,21925,48.06292491840919,11.595113925521579,6129,-80,2025-05-01 15:04:02,True,4G,Germany,Munich Metropolitan,0.21036620793151242,0.5864458927062657,0.5794910830795998,0.1724137931034483
GSM,262,1,Telekom,2743,39757,48.19715216172415,11.580797357574003,8057,-84,2025-01-03 04:46:23,True,2G,Germany,Munich Metropolitan,0.6592138351601379,0.5575011666989859,0.789147455415398,0.034482758620689655
LTE,262,2,Vodafone,1652,14106,48.2407012434556,11.36228821044558,8786,-58,2024-12-25 14:42:41,True,4G,Germany,Bavaria Region,0.804839279894036,0.11572717331760374,0.868421052631579,0.9310344827586207
LTE,262,1,Telekom,4164,34797,48.04330984575969,11.690364399224686,8914,-85,2025-02-22 22:49:57,True,4G,Germany,Munich Metropolitan,0.14477461415954845,0.7790199002125011,0.8823401478903872,0.0
UMTS,262,1,Telekom,4936,42450,48.10680807880093,11.71039138256821,2927,-72,2025-06-20 02:45:55,True,3G,Germany,Munich Metropolitan,0.3571087911112117,0.8195097402183799,0.2312962157459765,0.4482758620689655
LTE,262,7,O2,4168,15391,48.24598380569731,11.555180488135232,8254,-60,2024-10-28 01:33:24,True,4G,Germany,Munich Metropolitan,0.8225038423876244,0.5057098945320398,0.8105698129621575,0.8620689655172413
NR,262,7,O2,3005,43857,48.11336368827454,11.736135433906204,2161,-68,2025-09-29 03:30:02,True,5G,Germany,Bavaria Region,0.37903034507147654,0.8715581442090699,0.14799913005654633,0.5862068965517241
GSM,262,2,Vodafone,4759,21881,48.10722378857969,11.495982764061463,5366,-70,2025-03-18 06:45:18,True,2G,Germany,Munich Metropolitan,0.35849889898501314,0.3860260492246941,0.49652022618529795,0.5172413793103449
NR,262,7,O2,2690,29405,48.01495984050487,11.4043981326735,3632,-59,2025-03-08 06:17:35,True,5G,Germany,Bavaria Region,0.049973944218914386,0.20086351084892792,0.30795998260113094,0.896551724137931
LTE,262,1,Telekom,3281,25475,48.15230492005139,11.496659582097802,6907,-78,2025-01-14 01:44:28,True,4G,Germany,Munich Metropolitan,0.5092474236073687,0.38739441576969047,0.6640930839495433,0.2413793103448276
LTE,262,2,Vodafone,4754,37835,48.18245334774609,11.374863621355315,6323,-80,2025-03-23 14:24:34,True,4G,Germany,Bavaria Region,0.6100619073235126,0.1411516901811482,0.600587211831231,0.1724137931034483
LTE,262,2,Vodafone,4346,25929,48.27213622489704,11.647651346689972,2305,-57,2025-03-14 19:58:29,True,4G,Germany,Bavaria Region,0.909955920029898,0.6926641753572889,0.16365811222270552,0.9655172413793104
LTE,262,7,O2,4541,12117,48.236453463868685,11.751834198153773,4908,-83,2024-11-05 18:00:32,True,4G,Germany,Bavaria Region,0.7906349668090854,0.9032973453543899,0.44671596346237497,0.06896551724137931
LTE,262,2,Vodafone,1355,48337,48.06158180356783,11.401792712205479,6355,-85,2024-12-01 10:40:10,True,4G,Germany,Bavaria Region,0.20587491469811903,0.1955959647543085,0.604066985645933,0.0
LTE,262,7,O2,1655,16194,48.142689028059145,11.638270257244926,3351,-81,2025-01-15 11:49:11,True,4G,Germany,Munich Metropolitan,0.47709247355539286,0.6736978236009922,0.2774032187907786,0.13793103448275862
LTE,262,2,Vodafone,3889,46853,48.20060795737786,11.665203842875556,3320,-58,2025-04-26 01:25:04,True,4G,Germany,Munich Metropolitan,0.6707698027941967,0.7281511855608451,0.274032187907786,0.9310344827586207
LTE,262,2,Vodafone,3557,38771,48.03772044205857,11.483378119353258,9934,-76,2024-10-11 05:33:24,True,4G,Germany,Munich Metropolitan,0.12608399274090037,0.3605424285109836,0.9932579382340148,0.3103448275862069
LTE,262,1,Telekom,2747,20600,48.23826886362797,11.580381283212837,7602,-85,2024-12-19 22:36:34,True,4G,Germany,Munich Metropolitan,0.7967055516941198,0.5566599624084958,0.7396694214876033,0.0
LTE,262,2,Vodafone,3705,28051,48.08216747727278,11.730014660728493,4559,-69,2024-12-10 07:52:50,True,4G,Germany,Bavaria Region,0.27471213856696197,0.8591833834961465,0.4087646802957808,0.5517241379310345
UMTS,262,7,O2,2379,29901,48.127994982759525,11.546988890848578,5031,-82,2024-12-19 20:39:19,True,3G,Germany,Munich City Center,0.42795649188549667,0.48914841555939825,0.4600913440626359,0.10344827586206896
LTE,262,1,Telekom,3889,13292,48.0369186905124,11.611805226244483,2044,-79,2024-10-10 07:35:03,True,4G,Germany,Munich Metropolitan,0.12340298499435087,0.6201917686661091,0.13527620704654197,0.20689655172413793
GSM,262,7,O2,2722,38715,48.098733752813004,11.382722991313255,6296,-63,2025-08-12 02:57:34,True,2G,Germany,Bavaria Region,0.3301087427480972,0.15704148380036026,0.5976511526750761,0.7586206896551724
GSM,262,7,O2,3097,11411,48.12133712926663,11.615766132071522,7663,-61,2025-09-25 06:09:43,True,2G,Germany,Munich City Center,0.40569304022754743,0.6281997866718283,0.746302740321879,0.8275862068965517
LTE,262,1,Telekom,3021,49751,48.247317162521675,11.62614979688459,8268,-61,2025-03-22 17:13:34,True,4G,Germany,Munich Metropolitan,0.8269625054137465,0.6491931095175153,0.8120922140060896,0.8275862068965517
LTE,262,7,O2,1786,32565,48.22958277475175,11.636105492665214,2755,-81,2025-04-14 02:59:55,True,4G,Germany,Munich Metropolitan,0.7676598059445622,0.6693211798509349,0.21259243149195303,0.13793103448275862
LTE,262,7,O2,3580,18786,48.01466046197104,11.713333556612042,7737,-58,2025-05-25 22:00:30,True,4G,Germany,Bavaria Region,0.04897284085692163,0.8254581226712349,0.7543497172683775,0.9310344827586207
LTE,262,2,Vodafone,3561,39468,48.08083285633046,11.383554698908993,9086,-82,2025-06-20 20:43:31,True,4G,Germany,Bavaria Region,0.270249248408324,0.1587230005273418,0.9010439321444106,0.10344827586206896
GSM,262,2,Vodafone,4696,33224,48.111088684387795,11.435486609645722,3385,-75,2025-03-08 15:38:50,True,2G,Germany,Munich Metropolitan,0.37142287231644855,0.26371708380297876,0.2811004784688995,0.3448275862068966
LTE,262,1,Telekom,2238,25371,48.15179813976759,11.539172195276283,3904,-78,2024-10-28 05:33:27,True,4G,Germany,Munich City Center,0.5075527815787301,0.4733448994897036,0.3375380600260983,0.2413793103448276
GSM,262,7,O2,1987,25179,48.21343879113479,11.751687004816143,2294,-62,2024-11-11 18:17:59,True,2G,Germany,Bavaria Region,0.7136753199227067,0.9029997551188382,0.1624619399739017,0.7931034482758621
LTE,262,1,Telekom,2635,35112,48.24078170058694,11.536257266441762,4093,-79,2025-03-23 21:05:23,True,4G,Germany,Munich Metropolitan,0.8051083235814924,0.4674516004284427,0.35809047411918227,0.20689655172413793
LTE,262,1,Telekom,2353,48156,48.197666607922095,11.73910362012482,6274,-70,2025-05-14 23:55:30,True,4G,Germany,Bavaria Region,0.6609341115331201,0.8775591171483235,0.5952588081774685,0.5172413793103449
LTE,262,2,Vodafone,2827,39823,48.12051621857954,11.36067382670927,2635,-62,2025-03-03 07:22:29,True,4G,Germany,Bavaria Region,0.4029479654948266,0.11246326990938352,0.19954327968682037,0.7931034482758621
UMTS,262,7,O2,3732,44651,48.00099742925897,11.771598966448126,2392,-61,2025-07-03 18:49:29,True,3G,Germany,Bavaria Region,0.003284501723200708,0.9432570483343402,0.1731187472814267,0.8275862068965517
UMTS,262,7,O2,3626,38255,48.00857785118635,11.727670608210053,3406,-68,2025-05-25 08:33:22,True,3G,Germany,Bavaria Region,0.028632965354478807,0.854444261791743,0.28338408003479776,0.5862068965517241
LTE,262,7,O2,3126,32269,48.11157299356365,11.456217864737074,2528,-74,2025-03-02 22:56:43,True,4G,Germany,Munich Metropolitan,0.37304237234534077,0.305630795287707,0.1879077859939104,0.3793103448275862
UMTS,262,7,O2,2519,19836,48.00815946810513,11.358489509983476,5710,-83,2025-02-17 05:37:09,True,3G,Germany,Bavaria Region,0.02723391812201874,0.10804709632834561,0.533927794693345,0.06896551724137931
UMTS,262,1,Telekom,3740,13918,48.214077304376545,11.497794702865157,4205,-61,2024-10-22 10:15:46,True,3G,Germany,Munich Metropolitan,0.7158104688420852,0.38968936241588187,0.3702696824706394,0.8275862068965517
UMTS,262,2,Vodafone,1972,28149,48.22821899133125,11.710751566532585,4491,-80,2025-08-06 00:05:33,True,3G,Germany,Bavaria Region,0.7630993982566129,0.8202379472997995,0.4013701609395389,0.1724137931034483
GSM,262,1,Telekom,3161,43898,48.00026120700476,11.767130035333818,8490,-78,2025-07-04 17:04:47,True,2G,Germany,Bavaria Region,0.000822619889419252,0.9342219229381752,0.8362331448455851,0.2413793103448276
NR,262,7,O2,1761,22044,48.26495620834383,11.492816423788108,2759,-84,2025-05-06 08:32:19,True,5G,Germany,Bavaria Region,0.8859463872869282,0.3796244554912196,0.21302740321879077,0.034482758620689655
