radio,mcc,mnc,operator,lac,cellid,lat,lon,range,averageSignal,created,sample_data,network_type,country,region_type,lat_normalized,lon_normalized,range_normalized,averageSignal_normalized
LTE,262,1,Telekom,2390,18837,48.156374553784545,11.57590081930201,865,-69,2025-03-08 04:38:43,True,4G,Germany,Munich City Center,0.5172523252881771,0.5542890354265377,0.0068560235063663075,0.5517241379310345
NR,262,2,Vodafone,2715,35703,48.153806559125854,11.587705027312927,1527,-66,2025-02-12 23:50:47,True,5G,Germany,Munich City Center,0.5086199946162795,0.5780120929663793,0.0788986832081837,0.6551724137931034
GSM,262,2,Vodafone,2873,44293,48.14761227835665,11.596914976002768,1889,-60,2025-08-29 16:03:32,True,2G,Germany,Munich City Center,0.48779787970516686,0.5965214366263725,0.11829361192730438,0.8620689655172413
UMTS,262,2,Vodafone,2350,30053,48.15893809997654,11.591084106977442,1858,-65,2025-06-14 17:07:57,True,3G,Germany,Munich City Center,0.52586970241047,0.5848030696451094,0.1149200130590924,0.6896551724137931
NR,262,7,O2,3659,25223,48.14361152464319,11.578257564390144,1961,-81,2025-03-22 11:51:54,True,5G,Germany,Munich City Center,0.4743493201941505,0.559025414121393,0.1261290673631516,0.13793103448275862
LTE,262,2,Vodafone,4752,27857,48.13559726056856,11.556046886495134,1577,-85,2025-09-27 23:16:07,True,4G,Germany,Munich City Center,0.44740931961821157,0.5143883500155302,0.08433997170529982,0.0
LTE,262,7,O2,2477,14881,48.134061519534875,11.567035739504743,1633,-82,2025-04-28 04:45:49,True,4G,Germany,Munich City Center,0.4422469161901887,0.5364727788906166,0.09043421482206987,0.10344827586206896
LTE,262,1,Telekom,4804,13830,48.15469569411904,11.563222255721426,1094,-67,2025-03-02 02:41:54,True,4G,Germany,Munich City Center,0.5116088276526618,0.5288087750764507,0.03177712482315812,0.6206896551724138
UMTS,262,2,Vodafone,1837,37448,48.15045226055842,11.594385769498986,1486,-66,2025-05-27 03:19:13,True,3G,Germany,Munich City Center,0.49734449826413507,0.5914384601688351,0.07443682664054849,0.6551724137931034
LTE,262,1,Telekom,1956,35354,48.13361205652909,11.565171543750163,1345,-75,2025-01-18 11:21:35,True,4G,Germany,Munich City Center,0.4407360433861499,0.5327262824623489,0.059092393078681034,0.3448275862068966
GSM,262,1,Telekom,4240,32758,48.1463197723952,11.564588822119235,1162,-85,2025-08-20 22:05:47,True,2G,Germany,Munich City Center,0.48345311254732626,0.531555179854922,0.039177277179236046,0.0
UMTS,262,1,Telekom,1441,37698,48.13363163602322,11.583925983782645,1375,-81,2025-01-04 05:25:31,True,3G,Germany,Munich City Center,0.4408018599824341,0.5704173041392491,0.0623571661769507,0.13793103448275862
LTE,262,1,Telekom,1715,19956,48.13448260332612,11.556345113348975,1020,-81,2025-02-01 03:16:59,True,4G,Germany,Munich City Center,0.4436623920808041,0.5149877000784113,0.02372401784742627,0.13793103448275862
GSM,262,1,Telekom,4425,30923,48.13225361615805,11.575706363604564,1854,-66,2025-02-19 13:28:18,True,2G,Germany,Munich City Center,0.4361696372835716,0.5538982354935641,0.1144847099793231,0.6551724137931034
UMTS,262,7,O2,2851,10166,48.14595451617407,11.590285265983134,1857,-56,2025-03-02 18:37:35,True,3G,Germany,Munich City Center,0.48222530139511377,0.5831976293770593,0.11481118728915007,1.0
LTE,262,1,Telekom,2272,36896,48.13758631419778,11.554082221327516,1489,-75,2025-06-08 22:48:06,True,4G,Germany,Munich City Center,0.45409553627115157,0.5104399390103345,0.07476330395037545,0.3448275862068966
GSM,262,7,O2,1470,14685,48.1567332774914,11.553344125815395,1046,-84,2025-02-20 23:01:36,True,2G,Germany,Munich City Center,0.5184581773513519,0.5089565796618926,0.02655348786592665,0.034482758620689655
UMTS,262,2,Vodafone,1113,25736,48.13015829212503,11.556022212774911,1126,-72,2025-07-08 03:29:19,True,3G,Germany,Munich City Center,0.42912619198020835,0.5143387629459004,0.03525954946131244,0.4482758620689655
LTE,262,1,Telekom,3905,28433,48.15366596309872,11.581912267035035,1511,-65,2025-09-24 16:11:09,True,4G,Germany,Munich City Center,0.508147380160757,0.566370313589072,0.07715747088910654,0.6896551724137931
LTE,262,1,Telekom,1652,22555,48.13314321140216,11.58469609248526,1207,-85,2025-07-04 05:11:11,True,4G,Germany,Munich City Center,0.43916001745638966,0.5719650007782064,0.04407443682664055,0.0
UMTS,262,2,Vodafone,4974,40867,48.153414442558905,11.567442550840669,1110,-60,2025-08-24 10:55:45,True,3G,Germany,Munich City Center,0.507301892237685,0.5372903524814171,0.03351833714223528,0.8620689655172413
LTE,262,1,Telekom,2748,32789,48.14625154594739,11.559560794021428,832,-80,2025-05-19 23:04:54,True,4G,Germany,Munich City Center,0.48322376890127916,0.5214502918551573,0.00326477309826967,0.1724137931034483
LTE,262,1,Telekom,2581,38405,48.13631770668996,11.55932502601087,1770,-74,2025-03-01 17:05:31,True,4G,Germany,Munich City Center,0.4498311039198859,0.5209764660741008,0.10534334530416803,0.3793103448275862
LTE,262,7,O2,3047,10106,48.1501524171546,11.585016147423842,1715,-64,2025-07-30 08:01:25,True,4G,Germany,Munich City Center,0.49633657272084425,0.5726082190031707,0.0993579279573403,0.7241379310344828
NR,262,1,Telekom,3122,28900,48.13010142057817,11.596756450518008,1602,-60,2025-03-13 08:20:29,True,5G,Germany,Munich City Center,0.4289350179072176,0.5962028460701042,0.08706061595385788,0.8620689655172413
NR,262,7,O2,2936,23383,48.15726229568841,11.592887824836605,1504,-68,2025-01-16 04:42:34,True,5G,Germany,Munich City Center,0.5202364754457894,0.5884280229260912,0.07639569049951028,0.5862068965517241
LTE,262,2,Vodafone,3584,26449,48.14107126343953,11.595290776727888,852,-56,2025-09-27 06:47:22,True,4G,Germany,Munich City Center,0.4658102157108908,0.5932572639839954,0.005441288497116117,1.0
NR,262,2,Vodafone,1342,42714,48.157019418312814,11.565121790406382,1923,-56,2025-09-20 06:59:41,True,5G,Germany,Munich City Center,0.5194200415751855,0.5326262925743173,0.12199368810534335,1.0
GSM,262,7,O2,3798,27656,48.13188641025935,11.568461367944593,1437,-77,2025-08-26 00:00:29,True,2G,Germany,Munich City Center,0.4349352722775676,0.539337881358968,0.06910436391337468,0.27586206896551724
LTE,262,1,Telekom,2366,18838,48.15240350784223,11.57421484946721,836,-79,2025-06-16 16:31:58,True,4G,Germany,Munich City Center,0.5039036286421964,0.5509007217536177,0.0037000761780389595,0.20689655172413793
UMTS,262,7,O2,3066,28702,48.14581223106975,11.563273678388576,802,-70,2025-04-09 08:44:36,True,3G,Germany,Munich City Center,0.48174700909568957,0.5289121198235552,0.0,0.5172413793103449
UMTS,262,2,Vodafone,2693,29191,48.146601283199075,11.566732931138384,1865,-68,2025-03-26 17:07:10,True,3G,Germany,Munich City Center,0.4843994129372126,0.5358642213074208,0.11568179344868865,0.5862068965517241
UMTS,262,1,Telekom,1467,38918,48.152277410558305,11.594368441604054,986,-56,2025-04-20 04:36:46,True,3G,Germany,Munich City Center,0.5034797518058552,0.5914036360918499,0.02002394166938731,1.0
LTE,262,7,O2,3142,24921,48.13121574606902,11.57000053618061,1799,-80,2025-07-17 08:34:54,True,4G,Germany,Munich City Center,0.43268083025949616,0.5424311661090119,0.10849929263249537,0.1724137931034483
LTE,262,2,Vodafone,4513,49140,48.15555454838973,11.56270539406308,1066,-75,2025-05-31 11:51:37,True,4G,Germany,Munich City Center,0.5144958718443108,0.5277700320409389,0.0287300032647731,0.3448275862068966
LTE,262,7,O2,1170,38673,48.13162985249584,11.574487374464777,861,-76,2025-04-16 13:05:50,True,4G,Germany,Munich City Center,0.43407285169443366,0.5514484184895891,0.0064207204265970185,0.3103448275862069
UMTS,262,2,Vodafone,4673,23062,48.150471230870934,11.564567550278328,922,-59,2025-05-06 16:01:23,True,3G,Germany,Munich City Center,0.4974082670924869,0.5315124295827006,0.01305909239307868,0.896551724137931
LTE,262,1,Telekom,2103,13408,48.15597129128399,11.568758872545558,1278,-66,2025-01-18 22:04:40,True,4G,Germany,Munich City Center,0.5158967557816027,0.5399357799016351,0.051801066492545435,0.6551724137931034
LTE,262,2,Vodafone,2215,34945,48.15195974082006,11.57349446944303,1173,-84,2024-12-30 19:50:51,True,4G,Germany,Munich City Center,0.502411902923966,0.5494529654324499,0.04037436064860159,0.034482758620689655
GSM,262,1,Telekom,3782,34304,48.13874170283296,11.55405630686283,1874,-80,2024-10-17 09:55:17,True,2G,Germany,Munich City Center,0.45797938264896293,0.5103878584017671,0.11666122537816954,0.1724137931034483
LTE,262,2,Vodafone,1280,33000,48.152234670522226,11.578287368603497,1795,-62,2025-01-30 23:21:24,True,4G,Germany,Munich City Center,0.5033360808978509,0.5590853120042205,0.10806398955272609,0.7931034482758621
UMTS,262,1,Telekom,2450,27852,48.14556762202829,11.55743767251314,1855,-75,2025-05-16 09:52:35,True,3G,Germany,Munich City Center,0.4809247542190809,0.5171834292533979,0.11459353574926542,0.3448275862068966
LTE,262,1,Telekom,1967,21994,48.149689273230244,11.569179863725209,1163,-73,2025-05-19 08:26:59,True,4G,Germany,Munich City Center,0.4947797114204526,0.5407818508933845,0.039286102949178364,0.41379310344827586
UMTS,262,2,Vodafone,2950,19750,48.15100629544693,11.564241470698954,1428,-73,2025-07-15 06:13:54,True,3G,Germany,Munich City Center,0.4992068901290305,0.5308571035653267,0.06812493198389379,0.41379310344827586
LTE,262,7,O2,2710,35029,48.156699337773716,11.591466094348448,1157,-59,2025-08-17 05:40:47,True,4G,Germany,Munich City Center,0.5183440887706194,0.5855707542177188,0.038633148329524435,0.896551724137931
LTE,262,2,Vodafone,1431,35589,48.14786611063389,11.559114791266841,1766,-60,2025-03-31 05:25:51,True,4G,Germany,Munich City Center,0.48865113854858616,0.5205539548031343,0.10490804222439874,0.8620689655172413
LTE,262,2,Vodafone,4834,42256,48.14704589361108,11.572043988067863,1828,-75,2025-03-21 11:31:53,True,4G,Germany,Munich City Center,0.485893973715832,0.5465379157237577,0.11165523996082272,0.3448275862068966
NR,262,2,Vodafone,4424,21315,48.13476003744561,11.557026505680449,1392,-81,2025-05-07 20:32:26,True,5G,Germany,Munich City Center,0.44459498866973934,0.5163571023688334,0.06420720426597018,0.13793103448275862
GSM,262,2,Vodafone,4045,10265,48.15763313229775,11.557495270988166,1034,-62,2025-01-20 19:53:59,True,2G,Germany,Munich City Center,0.5214830451090833,0.5172991855952028,0.025247578626618784,0.7931034482758621
UMTS,262,7,O2,4517,41475,48.15229013726123,11.567738430026994,1170,-69,2025-02-25 10:29:12,True,3G,Germany,Munich City Center,0.5035225327001447,0.5378849844089075,0.04004788333877462,0.5517241379310345
LTE,262,7,O2,3784,19265,48.15008771020487,11.568175913776221,1496,-80,2024-12-31 13:07:23,True,4G,Germany,Munich City Center,0.4961190598903792,0.5387642007143185,0.07552508433997171,0.1724137931034483
GSM,262,1,Telekom,1177,49419,48.14432368540877,11.573529019257483,1324,-65,2025-06-01 23:31:36,True,2G,Germany,Munich City Center,0.4767432532185973,0.5495224006063727,0.05680705190989226,0.6896551724137931
UMTS,262,1,Telekom,2958,10248,48.157933076928195,11.569676149432748,830,-82,2024-11-01 23:25:59,True,3G,Germany,Munich City Center,0.5224913109263544,0.5417792421953059,0.0030471215583850256,0.10344827586206896
UMTS,262,7,O2,4720,46976,48.133024258769346,11.551722313771442,1344,-85,2024-10-31 12:43:59,True,3G,Germany,Munich City Center,0.43876015741102786,0.505697204665967,0.05898356730873871,0.0
LTE,262,1,Telekom,1162,18758,48.13111913066425,11.570262603234264,1538,-72,2025-07-25 08:49:00,True,4G,Germany,Munich City Center,0.432356056950835,0.5429578453904503,0.08009576667754924,0.4482758620689655
LTE,262,1,Telekom,3839,31728,48.15018909401769,11.562057894306623,1451,-74,2025-08-08 18:32:09,True,4G,Germany,Munich City Center,0.49645986223358796,0.5264687440625105,0.0706279246925672,0.3793103448275862
UMTS,262,7,O2,2060,44195,48.142778050328666,11.560111656105034,1160,-71,2025-01-30 02:05:46,True,3G,Germany,Munich City Center,0.47154759088946946,0.5225573659505846,0.038959625639351396,0.4827586206896552
LTE,262,1,Telekom,1043,31391,48.15156115120267,11.564453378552383,1023,-75,2025-05-13 01:48:58,True,4G,Germany,Munich City Center,0.5010720413444052,0.5312829773041978,0.024050495157253236,0.3448275862068966
UMTS,262,1,Telekom,1606,10852,48.15885701806527,11.593478496116084,1867,-63,2024-12-19 15:52:29,True,3G,Germany,Munich City Center,0.5255971450407685,0.5896151020369687,0.1158994449885733,0.7586206896551724
UMTS,262,1,Telekom,3680,45751,48.15040464778348,11.575069603895997,1593,-80,2025-08-27 17:30:20,True,3G,Germany,Munich City Center,0.4971844476129174,0.5526185319173985,0.08608118402437698,0.1724137931034483
LTE,262,1,Telekom,2365,16498,48.13585346796479,11.567338757809335,1352,-85,2025-07-26 23:39:28,True,4G,Germany,Munich City Center,0.44827056243948893,0.5370817583891835,0.05985417346827729,0.0
LTE,262,7,O2,4793,30763,48.14594199741293,11.586313167650292,1886,-58,2025-01-11 20:48:05,True,4G,Germany,Munich City Center,0.48218321949849174,0.5752148560121065,0.11796713461747742,0.9310344827586207
NR,262,1,Telekom,1864,10149,48.136243625205914,11.587503291051213,1254,-76,2025-03-31 15:28:24,True,5G,Germany,Munich City Center,0.4495820785316246,0.5776066611966175,0.049189248013929696,0.3103448275862069
UMTS,262,7,O2,2599,32484,48.13887670456277,11.585576510614528,1581,-76,2025-09-11 10:48:25,True,3G,Germany,Munich City Center,0.45843319183779796,0.5737343875867447,0.0847752747850691,0.3103448275862069
GSM,262,1,Telekom,4917,38079,48.13732212184941,11.571436777652226,1968,-80,2024-12-03 22:05:02,True,2G,Germany,Munich City Center,0.453207451981552,0.5453175977138043,0.12689084775274784,0.1724137931034483
UMTS,262,2,Vodafone,4665,16433,48.1366249226584,11.557757182292844,1728,-77,2025-08-09 19:07:16,True,3G,Germany,Munich City Center,0.45086381238689655,0.517825551866067,0.10077266296659049,0.27586206896551724
LTE,262,1,Telekom,3837,33683,48.135493341008846,11.582290618275524,1816,-69,2025-07-21 13:20:44,True,4G,Germany,Munich City Center,0.44705999334539986,0.5671306905868412,0.11034933072151486,0.5517241379310345
GSM,262,7,O2,1934,40843,48.133061945209526,11.586836660023142,1422,-76,2024-12-23 05:25:06,True,2G,Germany,Munich City Center,0.4388868406236974,0.5762669248735913,0.06747197736423985,0.3103448275862069
LTE,262,1,Telekom,1722,48456,48.154190928691804,11.570476630122442,1121,-67,2025-06-30 11:57:47,True,4G,Germany,Munich City Center,0.5099120554008546,0.543387977778717,0.03471542061160083,0.6206896551724138
LTE,262,2,Vodafone,2333,47226,48.13168576293742,11.58947324635214,1060,-79,2025-02-27 11:08:31,True,4G,Germany,Munich City Center,0.4342607950058066,0.5815657038457805,0.028077048645119163,0.20689655172413793
LTE,262,7,O2,2070,30559,48.159315353238185,11.595879627799079,1433,-84,2025-01-30 17:30:58,True,4G,Germany,Munich City Center,0.5271378416920549,0.5944406850005802,0.0686690608336054,0.034482758620689655
UMTS,262,7,O2,3329,25598,48.15657696886722,11.569871376357167,1540,-85,2024-12-04 16:40:28,True,3G,Germany,Munich City Center,0.5179327448991456,0.5421715920723179,0.08031341821743389,0.0
UMTS,262,2,Vodafone,4596,13376,48.153375761671626,11.596687758363032,1868,-83,2025-05-19 14:31:24,True,3G,Germany,Munich City Center,0.5071718661846538,0.5960647946274731,0.11600827075851562,0.06896551724137931
LTE,262,7,O2,2810,25813,48.14266076169694,11.57952508426064,1348,-57,2025-01-16 00:48:02,True,4G,Germany,Munich City Center,0.4711533243945209,0.5615727639133355,0.059418870388507995,0.9655172413793104
LTE,262,2,Vodafone,4365,25269,48.14945835237583,11.550935071070636,1315,-73,2025-04-30 13:22:49,True,4G,Germany,Munich City Center,0.49400346947322454,0.5041150736266149,0.05582761998041136,0.41379310344827586
LTE,262,1,Telekom,1377,45430,48.14033295006138,11.568380847922876,888,-75,2025-05-21 22:59:29,True,4G,Germany,Munich City Center,0.46332837050996334,0.5391760593115649,0.009359016215039722,0.3448275862068966
LTE,262,2,Vodafone,3020,37368,48.154756807634385,11.599073610978717,1832,-82,2025-01-03 08:39:59,True,4G,Germany,Munich City Center,0.5118142611301737,0.6008596710673947,0.11209054304059202,0.10344827586206896
UMTS,262,2,Vodafone,3797,22612,48.132778444772946,11.576961904980378,1143,-73,2025-09-12 23:23:41,True,3G,Germany,Munich City Center,0.43793385207058283,0.5564215119619677,0.03710958755033192,0.41379310344827586
LTE,262,7,O2,2540,21031,48.157543756604014,11.599956292852548,1484,-65,2025-09-13 02:08:14,True,4G,Germany,Munich City Center,0.5211826081359289,0.6026336073503628,0.07421917510066384,0.6896551724137931
LTE,262,7,O2,3184,45156,48.142069062513386,11.564027733251638,1516,-69,2025-01-04 19:44:46,True,4G,Germany,Munich City Center,0.4691643237580021,0.5304275528698112,0.07770159973881816,0.5517241379310345
LTE,262,2,Vodafone,1608,25643,48.15643171433352,11.569189378863427,1485,-73,2025-03-19 23:35:50,True,4G,Germany,Munich City Center,0.5174444708436535,0.5408009735800783,0.07432800087060616,0.41379310344827586
LTE,262,7,O2,3532,18958,48.156994577997,11.559457232365572,1687,-80,2024-12-28 14:32:07,True,4G,Germany,Munich City Center,0.5193365406927367,0.5212421627609813,0.09631080639895527,0.1724137931034483
LTE,262,7,O2,3440,36733,48.13883770497878,11.556480910065037,1648,-72,2025-05-30 14:28:16,True,4G,Germany,Munich City Center,0.45830209448372494,0.5152606123573111,0.0920666013712047,0.4482758620689655
UMTS,262,1,Telekom,3736,24601,48.15412108628568,11.560310031571323,1122,-78,2025-04-28 15:43:46,True,3G,Germany,Munich City Center,0.509677279700458,0.5229560434897216,0.03482424638154315,0.2413793103448276
NR,262,7,O2,1910,17790,48.15852625302582,11.555585644619681,1884,-75,2025-08-17 04:06:18,True,5G,Germany,Munich City Center,0.5244852762190884,0.5134613867206588,0.11774948307759277,0.3448275862068966
UMTS,262,7,O2,4759,47506,48.1361701743912,11.564489865061889,919,-68,2024-11-27 13:31:55,True,3G,Germany,Munich City Center,0.4493351731423877,0.5313563046772534,0.012732615083251714,0.5862068965517241
LTE,262,1,Telekom,2122,10837,48.136341917412246,11.558352808034222,934,-76,2025-07-10 20:22:35,True,4G,Germany,Munich City Center,0.4499124884196095,0.5190225880180767,0.01436500163238655,0.3103448275862069
UMTS,262,1,Telekom,1993,30754,48.1545127702226,11.592265979086793,1168,-77,2025-03-28 09:56:37,True,3G,Germany,Munich City Center,0.510993927790425,0.5871782921106009,0.039830231798889976,0.27586206896551724
LTE,262,7,O2,1336,30923,48.13721690420267,11.56621439761534,1178,-61,2024-10-31 07:52:34,True,4G,Germany,Munich City Center,0.4528537621807908,0.534822118305497,0.0409184894983132,0.8275862068965517
LTE,262,1,Telekom,1622,34843,48.14421048373514,11.570882533905817,1567,-81,2025-06-17 16:39:18,True,4G,Germany,Munich City Center,0.47636272505973914,0.5442037274503356,0.0832517140058766,0.13793103448275862
NR,262,2,Vodafone,4049,30699,48.15707650581602,11.59238616471684,825,-79,2025-03-15 05:27:45,True,5G,Germany,Munich City Center,0.519611941586838,0.5874198306038598,0.0025029927086734137,0.20689655172413793
UMTS,262,7,O2,4679,44113,48.158813128289495,11.583494705086427,1306,-82,2025-04-18 08:39:40,True,3G,Germany,Munich City Center,0.5254496092753338,0.5695505582028301,0.05484818805093046,0.10344827586206896
LTE,262,7,O2,3060,22430,48.155019205073735,11.565532174836823,1257,-68,2025-07-05 08:43:57,True,4G,Germany,Munich City Center,0.5126963118214645,0.5334510470557547,0.049515725323756664,0.5862068965517241
UMTS,262,7,O2,3278,17362,48.145870061570726,11.55474261546434,985,-78,2024-12-21 19:34:07,True,3G,Germany,Munich City Center,0.48194140669915647,0.5117671409786808,0.019915115899444988,0.2413793103448276
LTE,262,7,O2,1093,15626,48.14377342076584,11.555498181273038,1905,-59,2025-10-01 21:36:18,True,4G,Germany,Munich City Center,0.47489353505864385,0.5132856105903898,0.12003482424638154,0.896551724137931
LTE,262,1,Telekom,4095,30312,48.15253424417177,11.560602874523655,1596,-73,2025-04-01 18:53:29,True,4G,Germany,Munich City Center,0.504343099660403,0.5235445734615657,0.08640766133420394,0.41379310344827586
NR,262,2,Vodafone,2025,48102,48.135386190618256,11.59458817227291,1153,-70,2025-06-25 19:49:10,True,5G,Germany,Munich City Center,0.44669980661367514,0.5918452314361313,0.03819784524975514,0.5172413793103449
NR,262,1,Telekom,4270,10667,48.14769247317329,11.559532918756018,1913,-84,2025-01-25 12:04:23,True,5G,Germany,Munich City Center,0.48806745510053,0.5213942706020042,0.12090543040592013,0.034482758620689655
NR,262,1,Telekom,1904,10134,48.14140760342584,11.557134817956426,1176,-64,2024-12-18 10:36:36,True,5G,Germany,Munich City Center,0.46694082475254134,0.5165747788408922,0.040700837958428555,0.7241379310344828
LTE,262,2,Vodafone,3355,30890,48.149202369669084,11.551258911581938,864,-61,2025-03-01 03:22:58,True,4G,Germany,Munich City Center,0.49314298194711104,0.5047658997621953,0.006747197736423985,0.8275862068965517
LTE,262,2,Vodafone,3120,34543,48.15721012668866,11.570133847774004,1148,-62,2025-05-22 17:36:28,True,4G,Germany,Munich City Center,0.5200611090153529,0.542699084007265,0.03765371640004353,0.7931034482758621
NR,262,2,Vodafone,1814,36236,48.15421585918399,11.551520097326495,1145,-70,2025-03-14 09:11:15,True,5G,Germany,Munich City Center,0.5099958594117592,0.5052908078662371,0.03732723909021656,0.5172413793103449
NR,262,2,Vodafone,4472,10689,48.13615095039268,11.580664336947333,1508,-60,2025-01-06 12:06:28,True,5G,Germany,Munich City Center,0.4492705515469156,0.5638623336171095,0.07683099357927957,0.8620689655172413
LTE,262,7,O2,1046,48497,48.13843202997506,11.56343292514773,1966,-63,2025-04-19 10:13:25,True,4G,Germany,Munich City Center,0.4569384153321196,0.5292321599335685,0.12667319621286321,0.7586206896551724
LTE,262,7,O2,4863,41699,48.15304585427417,11.583860021991088,920,-69,2025-06-23 13:33:22,True,4G,Germany,Munich City Center,0.5060628803320859,0.5702847399405238,0.012841440853194037,0.5517241379310345
GSM,262,2,Vodafone,3682,18899,48.15302937509544,11.590837957701924,885,-64,2025-08-24 00:26:37,True,2G,Germany,Munich City Center,0.5060074854661039,0.5843083805121221,0.009032538905212755,0.7241379310344828
GSM,262,7,O2,2949,20203,48.14735067050095,11.550184094436451,1222,-82,2025-09-27 10:06:37,True,2G,Germany,Munich City Center,0.4869184832044338,0.5026058269336242,0.045706823375775384,0.10344827586206896
LTE,262,1,Telekom,2416,19630,48.15660314349198,11.558397120377279,1234,-67,2025-07-13 21:54:04,True,4G,Germany,Munich City Center,0.5180207310697376,0.5191116430620997,0.04701273261508325,0.6206896551724138
LTE,262,1,Telekom,3346,43660,48.145439501130916,11.58552945637103,831,-64,2024-12-09 00:55:31,True,4G,Germany,Munich City Center,0.4804940749930339,0.5736398221127216,0.003155947328327348,0.7241379310344828
UMTS,262,2,Vodafone,4571,33609,48.157731577517374,11.57456182532113,1077,-71,2025-04-11 09:46:16,True,3G,Germany,Munich City Center,0.5218139693522543,0.5515980432630186,0.029927086734138644,0.4827586206896552
LTE,262,1,Telekom,3488,12292,48.158894343290044,11.574442918826922,1778,-62,2025-03-17 03:51:57,True,4G,Germany,Munich City Center,0.525722614025512,0.5513590754643021,0.1062139514637066,0.7931034482758621
GSM,262,2,Vodafone,2695,16987,48.14667255323003,11.587444383877884,1547,-81,2025-07-14 19:21:59,True,2G,Germany,Munich City Center,0.48463898760772123,0.577488274748233,0.08107519860703015,0.13793103448275862
NR,262,1,Telekom,2971,12067,48.14383992424627,11.599571563556694,1829,-81,2025-05-15 05:57:25,True,5G,Germany,Munich City Center,0.4751170869387014,0.601860412298702,0.11176406573076504,0.13793103448275862
LTE,262,2,Vodafone,3099,44962,48.13074876525411,11.574006459112207,1085,-84,2025-04-22 18:06:36,True,4G,Germany,Munich City Center,0.4311110712266808,0.5504819171732563,0.030797692893677224,0.034482758620689655
LTE,262,2,Vodafone,2504,18725,48.150493145640816,11.575700812251464,1895,-71,2025-07-18 10:44:06,True,4G,Germany,Munich City Center,0.49748193373333255,0.55388707887307,0.11894656654695832,0.4827586206896552
GSM,262,2,Vodafone,3782,22110,48.15882187349887,11.55399611203303,1099,-80,2025-09-21 16:48:19,True,2G,Germany,Munich City Center,0.5254790063532795,0.510266884134826,0.03232125367286973,0.1724137931034483
LTE,262,2,Vodafone,1075,42999,48.15457824663186,11.554474425736931,1861,-77,2025-03-02 14:35:32,True,4G,Germany,Munich City Center,0.5112140271640667,0.5112281568868184,0.11524649036891936,0.27586206896551724
UMTS,262,1,Telekom,4369,19981,48.15973582469794,11.5923416602056,1376,-63,2025-05-28 05:50:07,True,3G,Germany,Munich City Center,0.5285512592264008,0.5873303893571478,0.06246599194689302,0.7586206896551724
LTE,262,7,O2,3776,29121,48.13943208250934,11.594704618615278,875,-63,2025-09-12 23:33:45,True,4G,Germany,Munich City Center,0.46030009840103203,0.5920792550383703,0.00794428120578953,0.7586206896551724
NR,262,2,Vodafone,4848,28658,48.145278325057284,11.557754467529099,947,-65,2024-10-28 16:02:57,True,5G,Germany,Munich City Center,0.47995228057796974,0.5178200959730093,0.01577973664163674,0.6896551724137931
NR,262,2,Vodafone,1443,27780,48.15700805575956,11.569501018778483,1618,-84,2024-10-11 15:21:14,True,5G,Germany,Munich City Center,0.5193818462788609,0.5414272800319595,0.08880182827293504,0.034482758620689655
GSM,262,1,Telekom,4350,22912,48.15237556806525,11.596520839512154,1496,-74,2025-07-23 09:02:07,True,2G,Germany,Munich City Center,0.5038097089009884,0.5957293358232734,0.07552508433997171,0.3793103448275862
NR,262,1,Telekom,2139,32064,48.15260031735923,11.584454748132597,1632,-71,2024-11-30 16:08:35,True,5G,Germany,Munich City Center,0.5045652051078524,0.5714799681559551,0.09032538905212754,0.4827586206896552
NR,262,7,O2,4283,37682,48.142787145676124,11.590134342712819,1261,-75,2024-11-10 08:48:00,True,5G,Germany,Munich City Center,0.4715781649588392,0.5828943170817769,0.04995102840352596,0.3448275862068966
UMTS,262,1,Telekom,2775,45011,48.15244951395051,11.55171096046773,1513,-74,2025-03-07 23:34:25,True,3G,Germany,Munich City Center,0.5040582784730423,0.5056743877961707,0.07737512242899118,0.3793103448275862
UMTS,262,2,Vodafone,2079,40592,48.13186761891146,11.557088406581645,1395,-79,2025-09-18 16:09:33,True,3G,Germany,Munich City Center,0.43487210503996554,0.5164815053477949,0.06453368157579716,0.20689655172413793
LTE,262,2,Vodafone,1282,27277,48.14028504908042,11.570450430796885,1486,-76,2025-03-01 00:10:14,True,4G,Germany,Munich City Center,0.4631673510523287,0.5433353246818621,0.07443682664054849,0.3103448275862069
LTE,262,7,O2,3200,10889,48.158117962226264,11.588570014570392,841,-59,2025-09-17 04:06:15,True,4G,Germany,Munich City Center,0.5231128040528682,0.5797504681679259,0.004244205027750571,0.896551724137931
LTE,262,7,O2,1108,18394,48.13951146686487,11.572585066713113,1181,-67,2024-12-04 04:58:48,True,4G,Germany,Munich City Center,0.46056694942612725,0.5476253279265064,0.04124496680814017,0.6206896551724138
NR,262,1,Telekom,4075,33638,48.146336891936386,11.576393691445746,821,-74,2025-04-12 10:40:36,True,5G,Germany,Munich City Center,0.4835106599958575,0.5552795664485959,0.0020676896289041247,0.3793103448275862
LTE,262,2,Vodafone,3928,27407,48.138532438062164,11.597085198826845,1596,-80,2025-09-22 16:05:18,True,4G,Germany,Munich City Center,0.4572759377670308,0.5968635354648902,0.08640766133420394,0.1724137931034483
GSM,262,7,O2,4182,10214,48.159272087902416,11.561067791360058,1380,-64,2025-09-28 08:24:03,True,2G,Germany,Munich City Center,0.5269924049857416,0.5244789223692633,0.06290129502666231,0.7241379310344828
NR,262,7,O2,3360,26336,48.142397812373716,11.558501503147987,1315,-57,2025-05-28 15:27:01,True,5G,Germany,Munich City Center,0.47026941854202137,0.5193214223605822,0.05582761998041136,0.9655172413793104
LTE,262,1,Telekom,3890,29990,48.14590037652739,11.55016374032742,1376,-65,2025-02-06 06:49:34,True,4G,Germany,Munich City Center,0.4820433106222715,0.5025649210380935,0.06246599194689302,0.6896551724137931
NR,262,1,Telekom,3515,15707,48.15548021813449,11.5895285186858,1756,-82,2025-07-15 12:48:44,True,5G,Germany,Munich City Center,0.5142460102100705,0.5816767853135545,0.10381978452497552,0.10344827586206896
LTE,262,1,Telekom,4404,47158,48.14209681354009,11.591621738849184,1864,-80,2025-02-10 09:52:41,True,4G,Germany,Munich City Center,0.4692576090139536,0.5858835548260546,0.11557296767874632,0.1724137931034483
LTE,262,1,Telekom,2267,28798,48.14003737219374,11.558469008934457,867,-67,2025-05-14 02:54:42,True,4G,Germany,Munich City Center,0.46233478359414815,0.5192561183523366,0.0070736750462509525,0.6206896551724138
NR,262,2,Vodafone,3526,12810,48.15628752606515,11.571792949472943,1282,-69,2025-09-11 02:11:30,True,5G,Germany,Munich City Center,0.5169597810459609,0.546033400467292,0.05223636957231472,0.5517241379310345
LTE,262,2,Vodafone,1090,34568,48.14028306857787,11.56054215815581,1325,-74,2025-07-28 06:05:21,True,4G,Germany,Munich City Center,0.4631606935801975,0.5234225510533995,0.05691587767983459,0.3793103448275862
NR,262,1,Telekom,1017,28739,48.15754267433509,11.583498654667274,1911,-63,2025-06-26 03:26:00,True,5G,Germany,Munich City Center,0.5211789700819357,0.5695584957225358,0.12068777886603548,0.7586206896551724
UMTS,262,2,Vodafone,4740,27628,48.148904552789375,11.59274650487165,1323,-75,2025-08-28 06:16:39,True,3G,Germany,Munich City Center,0.49214186857772896,0.588144010508057,0.05669822613994994,0.3448275862068966
LTE,262,2,Vodafone,2028,13658,48.13967256427636,11.5726231215187,1753,-56,2025-06-26 13:01:35,True,4G,Germany,Munich City Center,0.4611084794178988,0.5477018071228866,0.10349330721514854,1.0
LTE,262,2,Vodafone,1826,42998,48.1569110172336,11.559383932936871,1773,-80,2025-06-27 11:11:13,True,4G,Germany,Munich City Center,0.5190556506455454,0.5210948520254283,0.10566982261399499,0.1724137931034483
NR,262,1,Telekom,2570,30154,48.13734148798825,11.597630995602534,1541,-56,2025-02-14 03:07:13,True,5G,Germany,Munich City Center,0.4532725513826628,0.5979604297506205,0.08042224398737621,1.0
LTE,262,2,Vodafone,3517,23606,48.132846843776754,11.59935401304172,1077,-57,2025-03-22 16:40:58,True,4G,Germany,Munich City Center,0.4381637757647402,0.601423198435666,0.029927086734138644,0.9655172413793104
LTE,262,2,Vodafone,4703,25597,48.141494901063076,11.55574153928056,1300,-78,2024-11-17 14:21:45,True,4G,Germany,Munich City Center,0.46723427632532766,0.5137746900788127,0.054195233431276524,0.2413793103448276
LTE,262,1,Telekom,2946,15206,48.14155204182049,11.58832766298921,920,-82,2025-08-30 21:27:38,True,4G,Germany,Munich City Center,0.46742635535133376,0.5792634113065137,0.012841440853194037,0.10344827586206896
UMTS,262,1,Telekom,1804,46160,48.14627428902683,11.597469653021992,1266,-84,2025-08-05 23:29:34,True,3G,Germany,Munich City Center,0.4833002199100485,0.5976361776433817,0.05049515725323757,0.034482758620689655
UMTS,262,7,O2,2525,42364,48.15489847056647,11.589341187013188,1498,-60,2025-04-11 04:44:58,True,3G,Germany,Munich City Center,0.512290461993594,0.5813003026182065,0.07574273587985635,0.8620689655172413
NR,262,1,Telekom,4172,47563,48.159126008769114,11.58533301835054,848,-62,2025-01-19 12:04:04,True,5G,Germany,Munich City Center,0.5265013590333458,0.5732450382814992,0.005005985417346827,0.7931034482758621
LTE,262,2,Vodafone,1987,35321,48.15000387347399,11.55529090291528,1995,-67,2024-10-07 16:36:03,True,4G,Germany,Munich City Center,0.49583724217671704,0.5128690408041487,0.12982914354119054,0.6206896551724138
LTE,262,7,O2,2502,41461,48.132454104855405,11.576358767003606,1176,-85,2025-07-09 11:40:32,True,4G,Germany,Munich City Center,0.43684358133780343,0.5552093783809451,0.040700837958428555,0.0
NR,262,7,O2,1601,26943,48.15404769224558,11.597212675810372,842,-82,2024-12-20 13:22:16,True,5G,Germany,Munich City Center,0.5094305651594638,0.5971197274781475,0.004353030797692893,0.10344827586206896
LTE,262,7,O2,4322,14232,48.155022362936386,11.583542971904787,1093,-70,2024-10-05 22:18:50,True,4G,Germany,Munich City Center,0.51270692699721,0.5696475606030063,0.031668299053215804,0.5172413793103449
NR,262,2,Vodafone,2018,15912,48.15525061319282,11.591556442941018,1920,-71,2024-11-05 19:24:25,True,5G,Germany,Munich City Center,0.5134741917120399,0.5857523288611173,0.12166721079551637,0.4827586206896552
LTE,262,2,Vodafone,4420,48997,48.15561676568117,11.597743569285928,1830,-61,2025-08-23 12:57:49,True,4G,Germany,Munich City Center,0.5147050156723049,0.5981866704239595,0.11187289150070737,0.8275862068965517
GSM,262,1,Telekom,3406,46629,48.15103528165544,11.59708892500495,1265,-66,2024-11-13 13:34:39,True,2G,Germany,Munich City Center,0.49930432745659536,0.5968710240094433,0.050386331483295244,0.6551724137931034
LTE,262,1,Telekom,1909,30747,48.15773641212119,11.59184397367796,1220,-75,2025-08-08 11:04:35,True,4G,Germany,Munich City Center,0.5218302209042778,0.5863301828103744,0.04548917183589074,0.3448275862068966
LTE,262,1,Telekom,4890,15438,48.150196662511085,11.562400477100379,1474,-64,2025-05-30 07:30:23,True,4G,Germany,Munich City Center,0.49648530377313704,0.5271572367865394,0.07313091740124061,0.7241379310344828
GSM,262,1,Telekom,1795,12294,48.13819169178765,11.563967575376285,1611,-76,2025-08-23 06:36:33,True,2G,Germany,Munich City Center,0.4561305169590489,0.5303066528706619,0.08804004788333877,0.3103448275862069
GSM,262,1,Telekom,2719,33699,48.13666637254036,11.598476003153545,843,-69,2024-12-19 22:39:41,True,2G,Germany,Munich City Center,0.45100314643348377,0.5996586514979569,0.004461856567635216,0.5517241379310345
NR,262,2,Vodafone,1567,18941,48.138274640515775,11.59674960828584,920,-80,2025-06-05 17:49:53,True,5G,Germany,Munich City Center,0.45640934964571,0.5961890951545612,0.012841440853194037,0.1724137931034483
LTE,262,1,Telekom,3117,44453,48.15911087522979,11.584026964537188,1318,-85,2024-12-01 23:11:20,True,4G,Germany,Munich City Center,0.526450487542934,0.5706202463652931,0.056154097290238326,0.0
LTE,262,1,Telekom,3605,42641,48.13031176082709,11.584985898444879,1480,-59,2025-03-05 17:51:15,True,4G,Germany,Munich City Center,0.429642078015828,0.572547427269597,0.07378387202089455,0.896551724137931
UMTS,262,7,O2,1514,27927,48.13166444882743,11.592756891956999,1003,-66,2025-07-03 11:16:27,True,3G,Germany,Munich City Center,0.43418914748706366,0.5881648855572903,0.02187397975840679,0.6551724137931034
NR,262,1,Telekom,4589,18594,48.15741599442686,11.596005958353016,1286,-61,2025-02-28 10:35:54,True,5G,Germany,Munich City Center,0.5207531347502292,0.5946945730206267,0.052671672652084014,0.8275862068965517
UMTS,262,1,Telekom,4805,11466,48.1503569345843,11.584957712816264,1479,-78,2025-09-15 13:10:32,True,3G,Germany,Munich City Center,0.4970240593849503,0.5724907822758105,0.07367504625095223,0.2413793103448276
LTE,262,2,Vodafone,3131,11627,48.147192273836914,11.591391276243879,999,-58,2024-10-25 17:00:24,True,4G,Germany,Munich City Center,0.48638603179273043,0.5854203913811725,0.0214386766786375,0.9310344827586207
UMTS,262,1,Telekom,2485,43628,48.14557827660226,11.567043316572105,975,-72,2025-07-18 07:33:01,True,3G,Germany,Munich City Center,0.4809605696384642,0.5364880066132107,0.018826858200021765,0.4482758620689655
LTE,262,7,O2,4562,17151,48.15547718577259,11.570900649863185,1231,-78,2025-08-30 13:27:39,True,4G,Germany,Munich City Center,0.5142358169059006,0.5442401353057932,0.04668625530525628,0.2413793103448276
GSM,262,1,Telekom,4559,18605,48.14981150085896,11.582467932268194,932,-78,2025-05-12 12:42:27,True,2G,Germany,Munich City Center,0.4951905803857522,0.5674870406314065,0.014147350092501905,0.2413793103448276
LTE,262,7,O2,3584,23739,48.13912374390353,11.580661840834454,864,-78,2025-02-26 18:54:10,True,4G,Germany,Munich City Center,0.45926361618125233,0.563857317149304,0.006747197736423985,0.2413793103448276
NR,262,7,O2,4394,29190,48.13338007404478,11.586549271349563,1359,-83,2025-04-25 16:01:16,True,5G,Germany,Munich City Center,0.4399562327631559,0.5756893564307697,0.06061595385787354,0.06896551724137931
GSM,262,7,O2,1060,46649,48.15748641794957,11.571278050212463,1123,-75,2025-09-29 13:43:20,True,2G,Germany,Munich City Center,0.5209898638777741,0.5449986012861612,0.03493307215148547,0.3448275862068966
LTE,262,1,Telekom,2623,34779,48.144453094639566,11.567462833198864,1327,-56,2024-12-22 12:11:53,True,4G,Germany,Munich City Center,0.47717826318578427,0.5373311141784367,0.05713352921971923,1.0
LTE,262,1,Telekom,2235,46330,48.14368189467121,11.580396755600363,1371,-60,2025-04-23 20:05:15,True,4G,Germany,Munich City Center,0.47458586949895604,0.5633245721946676,0.06192186309718141,0.8620689655172413
NR,262,7,O2,3166,30179,48.145186552454625,11.569753314504052,1965,-67,2025-01-25 11:16:29,True,5G,Germany,Munich City Center,0.4796437863799431,0.5419343217588738,0.12656437044292088,0.6206896551724138
LTE,262,2,Vodafone,3278,15252,48.15256719140152,11.577148983794103,1090,-82,2024-11-17 16:56:50,True,4G,Germany,Munich City Center,0.5044538519865446,0.5567974864837989,0.031341821743388835,0.10344827586206896
GSM,262,1,Telekom,4276,22165,48.14464828014862,11.587024523037117,1305,-70,2024-12-03 16:20:30,True,2G,Germany,Munich City Center,0.47783438053822436,0.5766444754120115,0.054739362280988135,0.5172413793103449
UMTS,262,1,Telekom,2477,20979,48.1573215985814,11.552530215300072,1973,-58,2025-07-07 11:46:52,True,3G,Germany,Munich City Center,0.5204358225045225,0.5073208539978391,0.12743497660245945,0.9310344827586207
LTE,262,7,O2,2651,14139,48.13746406580149,11.582790569853822,1470,-74,2025-04-27 18:10:22,True,4G,Germany,Munich City Center,0.4536845974954984,0.5681354492329223,0.07269561432147133,0.3793103448275862
UMTS,262,7,O2,4244,30473,48.14376742174084,11.55289698073427,1394,-70,2025-07-28 17:16:58,True,3G,Germany,Munich City Center,0.47487336929726703,0.5080579468626077,0.06442485580585483,0.5172413793103449
LTE,262,1,Telekom,4856,35244,48.14398079775592,11.560684200628755,1319,-68,2024-11-11 05:05:54,True,4G,Germany,Munich City Center,0.47559063415348934,0.5237080155043521,0.05626292306018065,0.5862068965517241
NR,262,7,O2,3506,10334,48.155185342764206,11.587927997208004,1440,-82,2024-12-30 03:49:53,True,5G,Germany,Munich City Center,0.5132547847436549,0.5784601982222063,0.06943084122320166,0.10344827586206896
NR,262,1,Telekom,2549,29177,48.140848582986884,11.581705108744728,1682,-68,2025-08-07 23:41:15,True,5G,Germany,Munich City Center,0.4650616739275623,0.5659539851038186,0.09576667754924366,0.5862068965517241
LTE,262,2,Vodafone,3943,42864,48.141256323751705,11.574471859539258,1578,-65,2024-10-09 17:25:44,True,4G,Germany,Munich City Center,0.4664322971484622,0.5514172379588443,0.08444879747524214,0.6896551724137931
NR,262,7,O2,4887,36511,48.13876728336129,11.570772108192026,1264,-57,2025-01-21 10:49:01,True,5G,Germany,Munich City Center,0.45806537176056844,0.5439818035771108,0.05027750571335292,0.9655172413793104
NR,262,7,O2,3920,12547,48.13395868483008,11.568881556148886,1398,-72,2025-04-07 08:41:14,True,5G,Germany,Munich City Center,0.44190123666419856,0.5401823386015708,0.06486015888562412,0.4482758620689655
LTE,262,7,O2,1750,24771,48.14587821743401,11.580000708446706,1989,-83,2025-02-19 00:31:35,True,4G,Germany,Munich City Center,0.48196882268639246,0.562528631509277,0.12917618892153662,0.06896551724137931
UMTS,262,2,Vodafone,3203,14214,48.158016104592555,11.588667671799048,1222,-57,2025-04-27 21:04:19,True,3G,Germany,Munich City Center,0.5227704089576696,0.579946731064381,0.045706823375775384,0.9655172413793104
LTE,262,2,Vodafone,4714,40192,48.1541256218724,11.591174855240501,1220,-79,2025-02-05 23:56:52,True,4G,Germany,Munich City Center,0.5096925261046027,0.5849854475110529,0.04548917183589074,0.20689655172413793
LTE,262,2,Vodafone,4474,48860,48.1387275454907,11.5966322943412,1867,-79,2025-02-15 15:18:40,True,4G,Germany,Munich City Center,0.45793179265130396,0.5959533279216933,0.1158994449885733,0.20689655172413793
UMTS,262,2,Vodafone,4402,14498,48.144615606642645,11.588793192764117,1579,-76,2025-09-29 10:14:09,True,3G,Germany,Munich City Center,0.4777245483363343,0.5801989920440278,0.08455762324518445,0.3103448275862069
LTE,262,7,O2,2697,29795,48.13011665954671,11.57606032843412,1979,-75,2024-12-27 20:56:21,True,4G,Germany,Munich City Center,0.4289862437986202,0.5546096028306103,0.1280879312221134,0.3448275862068966
LTE,262,1,Telekom,4472,13387,48.133073851003005,11.580339819193615,1854,-66,2025-03-13 06:51:51,True,4G,Germany,Munich City Center,0.4389268620255595,0.5632101464193716,0.1144847099793231,0.6551724137931034
NR,262,2,Vodafone,2915,44791,48.144292618517206,11.556581110453614,1856,-84,2025-04-04 10:50:26,True,5G,Germany,Munich City Center,0.476638821661453,0.5154619862725724,0.11470236151920775,0.034482758620689655
LTE,262,7,O2,4969,20807,48.1370311093665,11.598798670429915,967,-76,2025-05-23 20:33:05,True,4G,Germany,Munich City Center,0.4522292116360591,0.6003071197693113,0.017956252040483185,0.3103448275862069
LTE,262,1,Telekom,1426,38759,48.15926100700602,11.571270708561247,1743,-70,2025-02-17 04:00:37,True,4G,Germany,Munich City Center,0.5269551564807742,0.5449838466822039,0.10240504951572532,0.5172413793103449
NR,262,1,Telekom,2453,31545,48.14958401526675,11.599997329226223,1682,-73,2025-06-26 21:20:07,True,5G,Germany,Munich City Center,0.4944258860946545,0.6027160786396709,0.09576667754924366,0.41379310344827586
LTE,262,7,O2,4737,10300,48.14161363034439,11.592103044469647,1368,-76,2025-09-21 17:19:33,True,4G,Germany,Munich City Center,0.46763338557317924,0.586850840468423,0.06159538578735445,0.3103448275862069
LTE,262,2,Vodafone,1148,46676,48.13323926549055,11.578940266619036,846,-64,2025-04-28 06:28:24,True,4G,Germany,Munich City Center,0.4394829038964408,0.5603974489282676,0.004788333877462183,0.7241379310344828
NR,262,2,Vodafone,3595,36115,48.143321597379234,11.580061340888259,1620,-85,2025-09-27 04:35:42,True,5G,Germany,Munich City Center,0.47337472781920015,0.5626504852497745,0.08901947981281967,0.0
LTE,262,2,Vodafone,2011,12133,48.147647689965424,11.586880632519804,1953,-78,2025-03-10 04:40:51,True,4G,Germany,Munich City Center,0.4879169160573488,0.5763552969242645,0.125258461203613,0.2413793103448276
UMTS,262,7,O2,4477,39264,48.15497591621341,11.555037312712436,855,-82,2025-06-07 18:22:43,True,3G,Germany,Munich City Center,0.5125507960372022,0.5123593975508243,0.005767765806943084,0.10344827586206896
NR,262,1,Telekom,4497,17608,48.1359188560025,11.565009884277767,1109,-78,2025-09-17 16:07:24,True,5G,Germany,Munich City Center,0.44849036475159293,0.5324013934937755,0.033409511372292956,0.2413793103448276
UMTS,262,7,O2,2632,47363,48.158156172159345,11.59579658468215,1123,-75,2024-11-10 03:46:14,True,3G,Germany,Munich City Center,0.5232412469903125,0.5942737922586558,0.03493307215148547,0.3448275862068966
LTE,262,2,Vodafone,2948,18723,48.13021643551277,11.596318622884516,1429,-85,2024-11-10 04:17:01,True,4G,Germany,Munich City Center,0.429321641354551,0.5953229386563869,0.06823375775383611,0.0
LTE,262,2,Vodafone,2998,21588,48.14495775836054,11.569758185912956,840,-57,2025-02-12 14:03:06,True,4G,Germany,Munich City Center,0.47887469355133,0.5419441118874143,0.004135379257808249,0.9655172413793104
LTE,262,7,O2,3393,44406,48.13260476763946,11.593012776153843,1845,-60,2025-06-12 04:20:14,True,4G,Germany,Munich City Center,0.4373500352618714,0.5886791390777019,0.1135052780498422,0.8620689655172413
UMTS,262,7,O2,1569,29646,48.15491275500021,11.558137774566356,1734,-65,2025-08-13 19:26:27,True,3G,Germany,Munich City Center,0.5123384792100933,0.5185904326946148,0.10142561758624442,0.6896551724137931
LTE,262,2,Vodafone,1576,48173,48.149658371185645,11.569801802639057,1859,-67,2025-06-08 21:01:06,True,4G,Germany,Munich City Center,0.4946758339974528,0.5420317689417494,0.11502883882903471,0.6206896551724138
GSM,262,7,O2,3308,18197,48.13876659412705,11.593288703852968,1931,-79,2025-09-06 06:48:20,True,2G,Germany,Munich City Center,0.45806305489520405,0.5892336742635544,0.12286429426488192,0.20689655172413793
LTE,262,7,O2,4011,49475,48.13637586470318,11.558219275033794,1598,-60,2025-08-08 07:31:49,True,4G,Germany,Munich City Center,0.45002660245789045,0.51875422515547,0.08662531287408859,0.8620689655172413
LTE,262,2,Vodafone,3125,43854,48.146434989298434,11.58238903421538,1966,-59,2024-12-14 07:53:29,True,4G,Germany,Munich City Center,0.48384041491352386,0.5673284782742395,0.12667319621286321,0.896551724137931
NR,262,7,O2,2601,10834,48.15589715675728,11.553275829297174,1689,-66,2025-04-27 08:56:40,True,5G,Germany,Munich City Center,0.5156475520900663,0.5088193233351644,0.09652845793883992,0.6551724137931034
LTE,262,7,O2,4043,16654,48.14517003277454,11.594815763978438,1770,-62,2025-09-02 01:59:51,True,4G,Germany,Munich City Center,0.4795882553683696,0.5923026251995108,0.10534334530416803,0.7931034482758621
NR,262,2,Vodafone,1206,38738,48.13820633586225,11.598119960934945,1876,-78,2024-12-13 03:33:54,True,5G,Germany,Munich City Center,0.4561797431106433,0.5989431092073896,0.1168788769180542,0.2413793103448276
UMTS,262,2,Vodafone,1588,13092,48.14630853324233,11.558337493697747,1875,-64,2025-03-03 19:18:31,True,3G,Germany,Munich City Center,0.4834153320621888,0.5189918106135245,0.11677005114811187,0.7241379310344828
LTE,262,1,Telekom,4827,10924,48.15694094197136,11.57152023185708,894,-65,2025-09-10 00:53:08,True,4G,Germany,Munich City Center,0.5191562428452752,0.5454853166240343,0.010011970834693655,0.6896551724137931
LTE,262,1,Telekom,1409,41550,48.15937803693168,11.552975183140806,1345,-56,2025-02-08 18:44:52,True,4G,Germany,Munich City Center,0.5273485533335818,0.5082151111711575,0.059092393078681034,1.0
LTE,262,1,Telekom,2859,28138,48.140241327419815,11.56202297501487,1326,-59,2025-09-05 17:50:59,True,4G,Germany,Munich City Center,0.4630203804071317,0.5263985663456534,0.057024703449776906,0.896551724137931
NR,262,1,Telekom,1003,18872,48.13721823760228,11.564262464456009,973,-58,2025-07-16 06:20:06,True,5G,Germany,Munich City Center,0.4528582444122349,0.5308992949691145,0.01860920666013712,0.9310344827586207
NR,262,2,Vodafone,2569,49552,48.140648304390794,11.582723381098349,1251,-58,2024-10-19 13:24:53,True,5G,Germany,Munich City Center,0.4643884361300851,0.5680004191901914,0.048862770704102734,0.9310344827586207
NR,262,1,Telekom,4073,22514,48.142617871440116,11.578731024161804,1336,-77,2025-02-10 06:21:54,True,5G,Germany,Munich City Center,0.471009148518518,0.5599769318679041,0.05811296114920013,0.27586206896551724
UMTS,262,2,Vodafone,1936,44456,48.13403960320011,11.569407274306528,1572,-67,2024-11-14 22:00:55,True,3G,Germany,Munich City Center,0.44217324428897165,0.5412388806492825,0.0837958428555882,0.6206896551724138
GSM,262,7,O2,2152,22113,48.14573784947084,11.596168001057626,1806,-70,2024-10-07 22:04:48,True,2G,Germany,Munich City Center,0.48149697486937404,0.5950202321755483,0.10926107302209163,0.5172413793103449
UMTS,262,2,Vodafone,1212,18258,48.15572228196741,11.562557681817696,871,-64,2024-10-24 08:11:06,True,3G,Germany,Munich City Center,0.5150597093516752,0.5274731729807328,0.0075089781260202415,0.7241379310344828
LTE,262,2,Vodafone,1782,35799,48.1304676198218,11.571798402586591,1587,-57,2025-02-28 12:34:02,True,4G,Germany,Munich City Center,0.4301659990356668,0.5460443596547883,0.08542822940472304,0.9655172413793104
LTE,262,7,O2,1108,41360,48.14257780423291,11.59107901599962,1481,-68,2024-12-28 19:12:05,True,4G,Germany,Munich City Center,0.4708744623420664,0.5847928382462978,0.07389269779083688,0.5862068965517241
NR,262,1,Telekom,1802,35524,48.1410384780196,11.568329512066136,1966,-67,2024-12-19 13:03:30,True,5G,Germany,Munich City Center,0.4657000073095389,0.5390728890283752,0.12667319621286321,0.6206896551724138
GSM,262,7,O2,4809,48598,48.14914683504052,11.58909062831832,820,-67,2024-10-13 19:41:03,True,2G,Germany,Munich City Center,0.49295630193362555,0.5807967518225958,0.0019588638589618022,0.6206896551724138
LTE,262,7,O2,1267,45332,48.13451443834762,11.598952750983425,1482,-84,2025-09-17 16:21:53,True,4G,Germany,Munich City Center,0.4437694057117035,0.6006167772942657,0.07400152356077919,0.034482758620689655
LTE,262,1,Telekom,1651,43090,48.15039956876759,11.559906496596891,1610,-62,2025-08-24 01:49:19,True,4G,Germany,Munich City Center,0.49716737446811093,0.5221450544416703,0.08793122211339645,0.7931034482758621
UMTS,262,2,Vodafone,4969,41296,48.15434035835611,11.588232969419307,1702,-70,2025-06-22 12:39:26,True,3G,Germany,Munich City Center,0.5104143641849099,0.57907310451038,0.0979431929480901,0.5172413793103449
LTE,262,1,Telekom,2833,36447,48.15998710848987,11.56445152918788,1948,-56,2025-04-30 05:24:21,True,4G,Germany,Munich City Center,0.5293959513199414,0.531279260614312,0.1247143323539014,1.0
NR,262,7,O2,4560,25629,48.15196700628816,11.569079969617125,1824,-58,2024-10-12 10:12:33,True,5G,Germany,Munich City Center,0.5024363258420222,0.5405810925136797,0.11121993688105343,0.9310344827586207
LTE,262,1,Telekom,2267,23354,48.1501124356581,11.571642120077696,1669,-59,2024-10-15 23:45:38,True,4G,Germany,Munich City Center,0.4962021746614981,0.545730276833852,0.09435194253999347,0.896551724137931
LTE,262,7,O2,4431,32497,48.15132280478903,11.588179429391802,1512,-62,2025-02-26 14:51:37,True,4G,Germany,Munich City Center,0.5002708383317639,0.578965504478933,0.07726629665904887,0.7931034482758621
LTE,262,2,Vodafone,2914,35626,48.15856656487495,11.58806999666256,1076,-71,2025-09-15 07:32:41,True,4G,Germany,Munich City Center,0.5246207847609531,0.5787455762185899,0.029818260964196323,0.4827586206896552
UMTS,262,2,Vodafone,4252,14676,48.131772528053155,11.599258235710174,1064,-56,2025-07-07 20:35:38,True,3G,Germany,Munich City Center,0.4345524565041086,0.6012307135908385,0.028512351724888453,1.0
UMTS,262,2,Vodafone,1198,40634,48.1509837553885,11.573177373403961,1323,-65,2024-11-18 01:38:12,True,3G,Germany,Munich City Center,0.49913112157667616,0.5488156937431055,0.05669822613994994,0.6896551724137931
NR,262,1,Telekom,2451,33193,48.15245036672453,11.592154464564409,1589,-66,2025-07-30 04:15:10,True,5G,Germany,Munich City Center,0.5040611450784389,0.5869541800457675,0.08564588094460768,0.6551724137931034
LTE,262,2,Vodafone,3012,47480,48.1363782342298,11.583589226339985,1788,-61,2025-02-18 05:19:43,True,4G,Germany,Munich City Center,0.4500345676369631,0.5697405186927527,0.10730220916312982,0.8275862068965517
NR,262,7,O2,1176,17330,48.15761525713165,11.591787157030097,1585,-63,2024-12-27 20:02:48,True,5G,Germany,Munich City Center,0.521422957622524,0.586215997715938,0.08521057786483839,0.7586206896551724
LTE,262,1,Telekom,3110,10384,48.143470572338714,11.559314287803799,1501,-65,2025-02-27 14:08:09,True,4G,Germany,Munich City Center,0.47387550811004253,0.5209548853713577,0.07606921318968332,0.6896551724137931
UMTS,262,1,Telekom,1878,13893,48.15695435107985,11.57320914627257,1831,-59,2024-12-29 14:40:06,True,3G,Germany,Munich City Center,0.5192013176502835,0.548879548055864,0.11198171727064969,0.896551724137931
LTE,262,2,Vodafone,1202,38962,48.144789293529634,11.563386215920996,940,-75,2025-04-11 20:20:37,True,4G,Germany,Munich City Center,0.47830839793149693,0.5291382878438513,0.015017956252040483,0.3448275862068966
LTE,262,2,Vodafone,1477,15218,48.15681315501894,11.598140595106294,1158,-83,2024-10-23 08:51:19,True,4G,Germany,Munich City Center,0.5187266861773515,0.5989845779474995,0.03874197409946675,0.06896551724137931
LTE,262,2,Vodafone,2565,43980,48.13388630357479,11.592907987152149,1080,-65,2024-11-19 11:03:54,True,4G,Germany,Munich City Center,0.4416579266059148,0.5884685433719634,0.030253564043965613,0.6896551724137931
NR,262,7,O2,4242,48025,48.1589707579266,11.558431164968807,1329,-72,2025-01-02 13:43:02,True,5G,Germany,Munich City Center,0.5259794823210608,0.5191800628834884,0.057351180759603874,0.4482758620689655
LTE,262,2,Vodafone,1039,10170,48.154687578070686,11.564779458077213,935,-60,2024-11-04 08:28:13,True,4G,Germany,Munich City Center,0.5115815455035649,0.5319383032119559,0.014473827402328871,0.8620689655172413
UMTS,262,7,O2,2353,29420,48.144790135973494,11.567553815449205,1895,-79,2025-07-10 10:04:07,True,3G,Germany,Munich City Center,0.4783112298119883,0.5375139622914116,0.11894656654695832,0.20689655172413793
NR,262,7,O2,1284,21300,48.15161145228855,11.573935921919881,1599,-80,2025-08-20 01:46:36,True,5G,Germany,Munich City Center,0.5012411287702625,0.5503401577370719,0.0867341386440309,0.1724137931034483
LTE,262,2,Vodafone,1558,25294,48.15320335801848,11.578961962894242,1617,-67,2024-12-31 00:13:42,True,4G,Germany,Munich City Center,0.5065923301883619,0.5604410521911593,0.08869300250299271,0.6206896551724138
NR,262,2,Vodafone,4340,19250,48.130726876164445,11.569984943946835,1511,-57,2025-07-16 23:55:04,True,5G,Germany,Munich City Center,0.4310374909100451,0.5423998302109438,0.07715747088910654,0.9655172413793104
UMTS,262,2,Vodafone,4953,27290,48.15055532005374,11.582063009053687,1351,-69,2025-05-23 07:56:21,True,3G,Germany,Munich City Center,0.4976909334249329,0.5666732616207277,0.059745347698334964,0.5517241379310345
LTE,262,7,O2,3921,19411,48.149511251827974,11.558665563533523,895,-57,2025-07-17 14:02:23,True,4G,Germany,Munich City Center,0.49418129132410593,0.5196511364729131,0.010120796604635978,0.9655172413793104
NR,262,1,Telekom,3193,36859,48.15559890241096,11.57588215195137,948,-76,2024-12-13 20:13:04,True,5G,Germany,Munich City Center,0.5146449681738406,0.5542515194294519,0.01588856241157906,0.3103448275862069
LTE,262,7,O2,3325,39304,48.139505007317105,11.55034559355941,1317,-73,2025-03-12 00:31:03,True,4G,Germany,Munich City Center,0.4605452356145008,0.5029303936460231,0.05604527152029601,0.41379310344827586
LTE,262,1,Telekom,2428,15921,48.13048197959492,11.577678334797486,1661,-81,2025-09-16 12:32:29,True,4G,Germany,Munich City Center,0.4302142695059771,0.557861329504899,0.09348133638045489,0.13793103448275862
NR,262,2,Vodafone,2852,17358,48.1417704973206,11.553455294092682,1428,-81,2025-01-20 15:14:34,True,5G,Germany,Munich City Center,0.46816069492936574,0.5091799958738282,0.06812493198389379,0.13793103448275862
GSM,262,1,Telekom,1142,19949,48.154138600975614,11.57499182070001,1306,-70,2025-05-30 14:58:44,True,2G,Germany,Munich City Center,0.5097361554440804,0.5524622101012858,0.05484818805093046,0.5172413793103449
LTE,262,2,Vodafone,3528,41772,48.15289204483305,11.55662804421527,1845,-59,2025-07-06 00:43:56,True,4G,Germany,Munich City Center,0.5055458488999216,0.5155563096127992,0.1135052780498422,0.896551724137931
LTE,262,2,Vodafone,1329,24127,48.13721460108414,11.589152941184,1036,-60,2025-05-06 21:10:11,True,4G,Germany,Munich City Center,0.45284602023294757,0.580921982731491,0.025465230166503428,0.8620689655172413
UMTS,262,2,Vodafone,3723,40619,48.14145232941654,11.558737418302792,1705,-66,2024-11-30 19:44:52,True,3G,Germany,Munich City Center,0.4670911714598541,0.5197955438591859,0.09826967025791708,0.6551724137931034
NR,262,7,O2,2018,11170,48.15420933069082,11.586398650225801,1270,-84,2025-09-28 20:58:12,True,5G,Germany,Munich City Center,0.5099739138396868,0.5753866513630164,0.050930460333006855,0.034482758620689655
NR,262,7,O2,3432,41278,48.133169149883514,11.574087461013544,1933,-68,2025-07-12 17:48:19,True,5G,Germany,Munich City Center,0.43924720982941373,0.5506447076598768,0.12308194580476657,0.5862068965517241
LTE,262,2,Vodafone,3416,38356,48.13756759925672,11.58923227364687,1971,-68,2025-04-20 00:09:35,True,4G,Germany,Munich City Center,0.45403262587559495,0.5810814181277227,0.12721732506257483,0.5862068965517241
UMTS,262,1,Telekom,3857,17945,48.136972021873405,11.57537349570417,1518,-67,2025-08-20 08:45:40,True,3G,Germany,Munich City Center,0.4520305886454627,0.553229266906523,0.07791925127870279,0.6206896551724138
LTE,262,2,Vodafone,2087,21328,48.13236091715416,11.576987262030002,1268,-82,2024-12-30 12:37:25,True,4G,Germany,Munich City Center,0.4365303302767122,0.5564724723268414,0.05071280879312221,0.10344827586206896
LTE,262,2,Vodafone,4266,25473,48.14922727915225,11.571934144530479,998,-70,2025-08-10 20:25:37,True,4G,Germany,Munich City Center,0.4932267153360519,0.5463171618573963,0.02132985090869518,0.5172413793103449
NR,262,7,O2,3239,25183,48.14055895075214,11.59789909119767,1606,-64,2025-06-12 21:48:06,True,5G,Germany,Munich City Center,0.46408807329521146,0.5984992246637308,0.08749591903362716,0.7241379310344828
LTE,262,2,Vodafone,3869,24163,48.13169466962,11.589249248708523,1738,-73,2025-07-29 01:05:00,True,4G,Germany,Munich City Center,0.43429073487696906,0.5811155331114616,0.10186092066601371,0.41379310344827586
UMTS,262,1,Telekom,1455,17990,48.150788685850955,11.57994978473972,1050,-80,2025-02-09 13:38:25,True,3G,Germany,Munich City Center,0.4984753940632169,0.5624262895283613,0.02698879094569594,0.1724137931034483
GSM,262,7,O2,4288,14872,48.137767963400805,11.578655511987826,1517,-70,2025-06-30 16:00:14,True,2G,Germany,Munich City Center,0.4547061512432124,0.5598251741517916,0.07781042550876048,0.5172413793103449
LTE,262,1,Telekom,2936,40539,48.148445928466785,11.5601693279732,1503,-75,2025-02-16 04:09:42,True,4G,Germany,Munich City Center,0.4906001999479383,0.5226732697914587,0.07628686472956796,0.3448275862068966
LTE,262,1,Telekom,3622,17105,48.13819663094629,11.584774731143137,1916,-77,2025-01-08 10:05:10,True,4G,Germany,Munich City Center,0.45614711997280627,0.5721230418262757,0.12123190771574709,0.27586206896551724
LTE,262,1,Telekom,3355,27974,48.13802323744621,11.596237400758627,1431,-58,2024-11-06 18:39:02,True,4G,Germany,Munich City Center,0.4555642565996452,0.5951597055818603,0.06845140929372075,0.9310344827586207
LTE,262,2,Vodafone,3776,23609,48.15912395836978,11.558136388365222,1712,-66,2025-09-15 10:29:48,True,4G,Germany,Munich City Center,0.5264944666027185,0.5185876468296723,0.09903145064751333,0.6551724137931034
LTE,262,1,Telekom,4275,33703,48.15459374485124,11.553885159581332,1701,-84,2025-04-30 02:58:45,True,4G,Germany,Munich City Center,0.5112661245288687,0.5100439016701517,0.09783436717814778,0.034482758620689655
NR,262,7,O2,1115,46222,48.141183995985585,11.56958405761018,1006,-81,2025-09-19 02:39:14,True,5G,Germany,Munich City Center,0.4661891668943592,0.5415941641618027,0.02220045706823376,0.13793103448275862
UMTS,262,1,Telekom,3430,41471,48.133580903136334,11.593324477869917,1049,-63,2025-08-21 14:32:32,True,3G,Germany,Munich City Center,0.4406313210547006,0.5893055697318249,0.02687996517575362,0.7586206896551724
NR,262,1,Telekom,3685,11865,48.134327999435975,11.56276768116104,1076,-73,2025-05-09 06:23:10,True,5G,Germany,Munich City Center,0.4431426901030844,0.5278952111641392,0.029818260964196323,0.41379310344827586
LTE,262,7,O2,1379,11050,48.14742406699002,11.578176595343567,1719,-56,2025-06-12 21:34:43,True,4G,Germany,Munich City Center,0.4871652059776592,0.5588626896633766,0.09979323103710959,1.0
LTE,262,7,O2,4873,26314,48.13107929487971,11.580799715650747,1476,-64,2025-09-21 10:02:06,True,4G,Germany,Munich City Center,0.43222214870317927,0.564134405811007,0.07334856894112526,0.7241379310344828
NR,262,7,O2,2005,40665,48.134299875662556,11.56073007746922,1231,-76,2025-07-08 15:34:51,True,5G,Germany,Munich City Center,0.4430481518566481,0.5238002147374641,0.04668625530525628,0.3103448275862069
LTE,262,1,Telekom,4869,35797,48.13130610300096,11.557466584477897,870,-73,2025-03-07 13:44:39,True,4G,Germany,Munich City Center,0.43298456567124294,0.5172415339735853,0.007400152356077919,0.41379310344827586
NR,262,7,O2,3070,39715,48.159583134708235,11.560057199501836,869,-69,2024-10-11 02:55:21,True,5G,Germany,Munich City Center,0.5280379908374044,0.5224479238660412,0.0072913265861355965,0.5517241379310345
NR,262,2,Vodafone,2827,17316,48.14646950806581,11.595298384570699,1634,-56,2025-01-25 06:53:54,True,5G,Germany,Munich City Center,0.4839564499735622,0.593272553556374,0.0905430405920122,1.0
UMTS,262,2,Vodafone,1064,31946,48.15680083293272,11.564560313692247,1702,-67,2025-02-09 23:18:17,True,3G,Germany,Munich City Center,0.5186852654047401,0.531497886129398,0.0979431929480901,0.6206896551724138
LTE,262,1,Telekom,2043,31076,48.144569915347525,11.55782061907866,1456,-60,2025-04-05 07:22:21,True,4G,Germany,Munich City Center,0.4775709567519535,0.5179530415306552,0.07117205354227882,0.8620689655172413
LTE,262,7,O2,2588,36824,48.13684792181945,11.550618061234168,1115,-77,2024-10-05 22:58:32,True,4G,Germany,Munich City Center,0.4516134255106054,0.5034779751796643,0.03406246599194689,0.27586206896551724
LTE,262,1,Telekom,2878,20095,48.142038607210324,11.586129016947105,1595,-79,2025-05-06 12:27:21,True,4G,Germany,Munich City Center,0.46906194805957474,0.5748447661489252,0.08629883556426161,0.20689655172413793
LTE,262,7,O2,4972,47164,48.14733335337231,11.567608486640921,1329,-70,2025-01-04 05:41:20,True,4G,Germany,Munich City Center,0.48686027156439676,0.5376238356370566,0.057351180759603874,0.5172413793103449
UMTS,262,2,Vodafone,4809,30195,48.14977854570813,11.565807896185472,1367,-80,2025-06-28 06:55:15,True,3G,Germany,Munich City Center,0.49507980143287056,0.5340051675365955,0.06148656001741212,0.1724137931034483
UMTS,262,1,Telekom,4171,39511,48.1505925285962,11.564931783565326,1379,-72,2025-04-28 05:33:43,True,3G,Germany,Munich City Center,0.4978160101813179,0.5322444335610604,0.06279246925672,0.4482758620689655
LTE,262,7,O2,4742,43134,48.13964808982134,11.552038062377276,1418,-71,2024-12-25 06:08:33,True,4G,Germany,Munich City Center,0.4610262083788961,0.506331768402678,0.06703667428447056,0.4827586206896552
LTE,262,2,Vodafone,4199,43842,48.14798741760504,11.576375282037981,838,-72,2025-04-27 06:12:21,True,4G,Germany,Munich City Center,0.4890589127175043,0.555242568842379,0.0039177277179236044,0.4482758620689655
UMTS,262,7,O2,1602,48195,48.155928022788814,11.59029371408212,1939,-77,2025-06-27 13:26:36,True,3G,Germany,Munich City Center,0.5157513084549225,0.5832146076222898,0.12373490042442051,0.27586206896551724
UMTS,262,1,Telekom,3159,48140,48.14578972351064,11.554666282882497,1962,-82,2025-09-19 04:35:11,True,3G,Germany,Munich City Center,0.48167134979001774,0.5116137344791046,0.12623789313309391,0.10344827586206896
UMTS,262,2,Vodafone,3691,22217,48.15540462898839,11.553449241810812,1499,-71,2024-12-10 19:06:26,True,3G,Germany,Munich City Center,0.5139919168060476,0.5091678325308132,0.07585156164979867,0.4827586206896552
NR,262,7,O2,4979,18969,48.13686147212891,11.576543519609302,863,-84,2025-03-02 05:12:57,True,5G,Germany,Munich City Center,0.45165897496359175,0.5555806778947716,0.006638371966481663,0.034482758620689655
UMTS,262,7,O2,3437,17172,48.14549482308497,11.559792265904647,826,-83,2025-09-17 05:10:11,True,3G,Germany,Munich City Center,0.4806800400997622,0.5219154836578944,0.002611818478615736,0.06896551724137931
NR,262,7,O2,1356,34227,48.1544163105519,11.597761076270345,1695,-69,2024-12-10 19:22:40,True,5G,Germany,Munich City Center,0.5106696779828278,0.5982218544192165,0.09718141255849386,0.5517241379310345
LTE,262,1,Telekom,3831,22022,48.15001110335912,11.56431857455772,1190,-82,2025-02-01 12:42:10,True,4G,Germany,Munich City Center,0.4958615454823851,0.5310120601093288,0.04222439873762107,0.10344827586206896
UMTS,262,7,O2,1441,46083,48.15692423461427,11.552847195641139,1923,-63,2025-01-14 20:58:32,True,3G,Germany,Munich City Center,0.5191000809562654,0.5079578931675294,0.12199368810534335,0.7586206896551724
LTE,262,2,Vodafone,2426,19273,48.134744260077966,11.562750433574282,936,-61,2025-07-11 12:30:24,True,4G,Germany,Munich City Center,0.44454195294625387,0.5278605484834491,0.014582653172271193,0.8275862068965517
NR,262,2,Vodafone,2270,14947,48.137750167384425,11.575869237974677,1383,-82,2025-06-14 06:31:40,True,5G,Germany,Munich City Center,0.4546463298189304,0.5542255660565631,0.06322777233648928,0.10344827586206896
UMTS,262,1,Telekom,1011,10808,48.13314304609877,11.552097100585886,1452,-65,2025-01-20 06:56:49,True,3G,Germany,Munich City Center,0.439159461787996,0.5064504181942274,0.07073675046250952,0.6896551724137931
LTE,262,1,Telekom,2938,26621,48.138450922126985,11.58743557851889,1854,-83,2025-07-18 11:46:34,True,4G,Germany,Munich City Center,0.4570019214231451,0.5774705785133092,0.1144847099793231,0.06896551724137931
LTE,262,2,Vodafone,1507,25818,48.146362940651805,11.556178104072472,1637,-71,2025-08-29 21:59:30,True,4G,Germany,Munich City Center,0.4835982229213943,0.5146520595447566,0.09086951790183916,0.4827586206896552
LTE,262,7,O2,4262,43823,48.14052391596279,11.579512387295729,1969,-60,2025-04-10 00:05:50,True,4G,Germany,Munich City Center,0.4639703036239798,0.5615472466716133,0.12699967352269018,0.8620689655172413
LTE,262,1,Telekom,2893,39277,48.15842075410382,11.553343753157678,1981,-85,2025-09-13 21:48:49,True,4G,Germany,Munich City Center,0.5241306409097345,0.5089558307272384,0.12830558276199805,0.0
NR,262,1,Telekom,2261,10332,48.131495020207,11.561473012304594,1518,-63,2025-05-30 05:06:24,True,5G,Germany,Munich City Center,0.43361961208250344,0.5252932997315304,0.07791925127870279,0.7586206896551724
UMTS,262,1,Telekom,2699,44277,48.142579570510364,11.555319819850569,1911,-68,2025-01-10 09:28:19,True,3G,Germany,Munich City Center,0.4708803996951732,0.5129271555136744,0.12068777886603548,0.5862068965517241
GSM,262,2,Vodafone,1451,10470,48.13123580959467,11.565025165655152,1909,-62,2024-11-13 09:00:45,True,2G,Germany,Munich City Center,0.4327482739308829,0.5324321046600522,0.12047012732615084,0.7931034482758621
LTE,262,2,Vodafone,2710,16579,48.15019124528213,11.575861291110003,1083,-62,2025-05-29 21:36:37,True,4G,Germany,Munich City Center,0.49646709372292985,0.5542095951479055,0.030580041353792577,0.7931034482758621
LTE,262,1,Telekom,1797,48358,48.14976168521681,11.597789658408772,1110,-82,2025-07-20 22:25:37,True,4G,Germany,Munich City Center,0.4950231247821292,0.5982792962834976,0.03351833714223528,0.10344827586206896
LTE,262,7,O2,3911,36541,48.14647629125415,11.57444104827497,1357,-68,2024-10-03 22:33:38,True,4G,Germany,Munich City Center,0.48397925170508516,0.5513553161937489,0.0603983023179889,0.5862068965517241
UMTS,262,2,Vodafone,1521,44086,48.14365403177371,11.579770610125308,888,-70,2025-02-18 13:45:34,True,3G,Germany,Munich City Center,0.4744922081885959,0.5620662001701068,0.009359016215039722,0.5172413793103449
NR,262,2,Vodafone,2899,49902,48.14902598147454,11.557701754871495,1131,-85,2025-01-30 18:15:38,True,5G,Germany,Munich City Center,0.49255005188910206,0.5177141587167134,0.03580367831102405,0.0
LTE,262,2,Vodafone,2840,27832,48.14741964279554,11.563749845885068,1912,-84,2024-11-30 03:40:57,True,4G,Germany,Munich City Center,0.4871503340192725,0.5298690793169357,0.1207966046359778,0.034482758620689655
NR,262,7,O2,1439,34590,48.14060766687665,11.575181936009372,1362,-70,2024-12-06 14:10:15,True,5G,Germany,Munich City Center,0.46425183286317007,0.5528442871045908,0.06094243116770051,0.5172413793103449
GSM,262,7,O2,3523,15799,48.15089335312051,11.575794148385405,1498,-75,2025-02-19 03:26:14,True,2G,Germany,Munich City Center,0.4988272337674992,0.554074657613973,0.07574273587985635,0.3448275862068966
LTE,262,7,O2,1364,18129,48.158820530303096,11.592780278613587,1538,-79,2025-01-30 14:18:20,True,4G,Germany,Munich City Center,0.5254744911919791,0.5882118859997929,0.08009576667754924,0.20689655172413793
NR,262,2,Vodafone,2170,20996,48.137062478055626,11.593988077982177,1482,-82,2024-11-12 17:17:20,True,5G,Germany,Munich City Center,0.4523346576876653,0.5906392147872174,0.07400152356077919,0.10344827586206896
GSM,262,7,O2,4157,28848,48.132900561888526,11.566430569344165,1141,-63,2025-04-07 11:00:23,True,2G,Germany,Munich City Center,0.43834434954526486,0.5352565612055762,0.036891936010447275,0.7586206896551724
GSM,262,2,Vodafone,1402,26196,48.14497265286705,11.582974635013242,1729,-77,2025-05-21 19:04:57,True,2G,Germany,Munich City Center,0.47892476153138697,0.568505367177774,0.10088148873653281,0.27586206896551724
LTE,262,1,Telekom,3991,38896,48.14555879362858,11.563873380189554,1710,-79,2024-11-02 17:16:07,True,4G,Germany,Munich City Center,0.48089507749630456,0.5301173476811277,0.09881379910762869,0.20689655172413793
LTE,262,2,Vodafone,1013,13707,48.15692941361695,11.576148184486952,1014,-63,2025-06-06 02:30:33,True,4G,Germany,Munich City Center,0.5191174902072974,0.5547861681871854,0.023071063227772335,0.7586206896551724
LTE,262,2,Vodafone,3313,30298,48.15046774983169,11.550496938972193,1596,-65,2024-11-15 08:51:12,True,4G,Germany,Munich City Center,0.49739656555653156,0.5032345543260562,0.08640766133420394,0.6896551724137931
NR,262,2,Vodafone,1005,49632,48.152514228579335,11.579827970439412,1341,-64,2024-11-03 13:34:52,True,5G,Germany,Munich City Center,0.5042758171168459,0.5621814778770678,0.05865708999891174,0.7241379310344828
NR,262,2,Vodafone,2672,20223,48.148629807595,11.566809102680837,1696,-61,2024-10-22 16:34:16,True,5G,Germany,Munich City Center,0.49121831082797607,0.5360173041642158,0.09729023832843617,0.8275862068965517
LTE,262,2,Vodafone,4298,43619,48.15000158862604,11.554257371056261,920,-60,2024-10-19 16:44:31,True,4G,Germany,Munich City Center,0.4958295616455339,0.510791939507892,0.012841440853194037,0.8620689655172413
LTE,262,1,Telekom,4830,48053,48.14458204507017,11.595878575949,1634,-76,2024-10-18 17:55:06,True,4G,Germany,Munich City Center,0.4776117308931715,0.5944385710849389,0.0905430405920122,0.3103448275862069
LTE,262,7,O2,1901,37130,48.134075785168605,11.585273449046712,1565,-73,2025-08-16 13:59:36,True,4G,Germany,Munich City Center,0.44229487021033725,0.5731253211415607,0.08303406246599195,0.41379310344827586
LTE,262,1,Telekom,3216,40413,48.157073939041695,11.561368218115962,1056,-79,2025-09-27 17:41:32,True,4G,Germany,Munich City Center,0.519603313358318,0.5250826936015426,0.027641745565349873,0.20689655172413793
LTE,262,2,Vodafone,1278,17959,48.133212694324094,11.583903850698311,1694,-73,2025-08-01 06:24:28,True,4G,Germany,Munich City Center,0.43939358474835416,0.5703728230158472,0.09707258678855153,0.41379310344827586
GSM,262,7,O2,3820,37398,48.15923471376499,11.579026424952216,1092,-61,2024-10-06 06:18:33,True,2G,Germany,Munich City Center,0.5268667715807968,0.5605706023574257,0.03155947328327348,0.8275862068965517
LTE,262,1,Telekom,1615,30545,48.15298967043034,11.58955627292532,1768,-57,2025-08-22 02:56:50,True,4G,Germany,Munich City Center,0.5058740179772788,0.5817325633395345,0.10512569376428338,0.9655172413793104
LTE,262,1,Telekom,3879,37311,48.152684523981506,11.550239301374035,1518,-61,2025-09-05 13:19:34,True,4G,Germany,Munich City Center,0.5048482662138363,0.5027167769741244,0.07791925127870279,0.8275862068965517
NR,262,2,Vodafone,3439,16471,48.13565215631826,11.58419992548623,1257,-71,2025-08-08 23:39:33,True,5G,Germany,Munich City Center,0.4475938520362517,0.5709678480461918,0.049515725323756664,0.4827586206896552
NR,262,7,O2,1608,26889,48.14518574507839,11.556671788144484,1419,-75,2024-10-25 01:22:03,True,5G,Germany,Munich City Center,0.479641072379513,0.5156442223087483,0.06714550005441289,0.3448275862068966
LTE,262,1,Telekom,4910,23267,48.14888560125457,11.577359137426207,1789,-61,2024-10-27 18:27:09,True,4G,Germany,Munich City Center,0.492078162870777,0.5572198347431643,0.10741103493307215,0.8275862068965517
LTE,262,2,Vodafone,1802,42651,48.135517276942295,11.59382910784183,1785,-74,2025-06-18 05:22:04,True,4G,Germany,Munich City Center,0.4471404541406627,0.5903197306013158,0.10697573185330286,0.3793103448275862
NR,262,1,Telekom,3599,40141,48.134056774988984,11.571935671593783,1263,-64,2024-11-20 17:50:28,True,5G,Germany,Munich City Center,0.4422309673684592,0.5463202308147207,0.0501686799434106,0.7241379310344828
LTE,262,7,O2,2328,27618,48.14566027193991,11.59578492479018,839,-70,2025-06-30 03:05:25,True,4G,Germany,Munich City Center,0.48123619749686775,0.5942503592347851,0.004026553487865927,0.5172413793103449
GSM,262,2,Vodafone,4182,38593,48.144653107608654,11.568935587132826,856,-72,2025-08-04 10:28:56,True,2G,Germany,Munich City Center,0.4778506080763768,0.5402909253140163,0.005876591576885406,0.4482758620689655
NR,262,7,O2,2826,11707,48.1577360822059,11.58052779334877,1797,-67,2025-09-17 19:40:11,True,5G,Germany,Munich City Center,0.5218291118919012,0.5635879203195455,0.10828164109261074,0.6206896551724138
GSM,262,2,Vodafone,1805,41311,48.14151154254691,11.56143982720938,1860,-71,2025-03-25 00:40:23,True,2G,Germany,Munich City Center,0.4672902167809752,0.5252266072501289,0.11513766459897704,0.4827586206896552
GSM,262,1,Telekom,2635,22073,48.13968543678011,11.566752244614937,1393,-70,2025-08-16 00:54:15,True,2G,Germany,Munich City Center,0.46115175042260764,0.5359030358314567,0.0643160300359125,0.5172413793103449
LTE,262,2,Vodafone,1515,13373,48.15887186664928,11.56854800408037,1854,-69,2024-10-09 17:21:17,True,4G,Germany,Munich City Center,0.5256470586520517,0.5395119950336978,0.1144847099793231,0.5517241379310345
LTE,262,7,O2,3088,38168,48.15855380147148,11.565374763678276,1842,-74,2025-04-01 03:59:17,True,4G,Germany,Munich City Center,0.5245778804975325,0.5331346959741601,0.11317880074001524,0.3793103448275862
UMTS,262,2,Vodafone,1728,37255,48.15822831253734,11.57569884256677,1318,-82,2025-02-22 01:48:41,True,3G,Germany,Munich City Center,0.5234837473380215,0.5538831203742618,0.056154097290238326,0.10344827586206896
GSM,262,1,Telekom,4237,24081,48.1424629129278,11.580935425956376,1467,-78,2025-01-08 07:20:55,True,2G,Germany,Munich City Center,0.47048825447606635,0.5644071444298304,0.07236913701164435,0.2413793103448276
LTE,262,1,Telekom,4854,11104,48.157917953112495,11.594705569214861,1791,-62,2025-02-28 07:01:16,True,4G,Germany,Munich City Center,0.5224404721219574,0.592081165469683,0.1076286864729568,0.7931034482758621
UMTS,262,1,Telekom,1700,42523,48.1482337312128,11.596417218249218,1895,-72,2025-07-07 01:52:10,True,3G,Germany,Munich City Center,0.4898868975047717,0.5955210869360379,0.11894656654695832,0.4482758620689655
LTE,262,7,O2,4368,15249,48.136887865642336,11.567358371416091,1855,-77,2025-03-06 02:54:29,True,4G,Germany,Munich City Center,0.4517476969298497,0.5371211760884664,0.11459353574926542,0.27586206896551724
NR,262,7,O2,1468,33074,48.13015856242303,11.5671616067922,1625,-63,2025-09-02 05:53:24,True,5G,Germany,Munich City Center,0.42912710058867043,0.5367257358784939,0.08956360866253128,0.7586206896551724
NR,262,7,O2,4050,44129,48.15240197306309,11.595707942819196,814,-65,2024-10-27 07:05:34,True,5G,Germany,Munich City Center,0.5038984694721884,0.5940956476501106,0.001305909239307868,0.6896551724137931
NR,262,7,O2,2927,47618,48.14675405763238,11.580321745540449,914,-73,2025-09-15 05:53:16,True,5G,Germany,Munich City Center,0.48491296518391297,0.5631738235831747,0.012188486233540102,0.41379310344827586
LTE,262,2,Vodafone,2477,22401,48.13898109789746,11.596451888610067,1130,-56,2025-09-26 15:57:30,True,4G,Germany,Munich City Center,0.4587841107082549,0.5955907643734895,0.03569485254108173,1.0
NR,262,1,Telekom,2148,12048,48.147395679014004,11.570368565584198,1953,-66,2025-09-04 18:26:54,True,5G,Germany,Munich City Center,0.48706977961248055,0.5431707991881322,0.125258461203613,0.6551724137931034
NR,262,7,O2,4677,22142,48.132104954374135,11.589371499364166,1193,-73,2025-04-11 16:54:18,True,5G,Germany,Munich City Center,0.43566990973440833,0.5813612217112746,0.04255087604744803,0.41379310344827586
LTE,262,1,Telekom,2509,19901,48.134698960800904,11.582779631875747,1322,-59,2024-11-13 14:37:50,True,4G,Germany,Munich City Center,0.44438967913311617,0.568113467048009,0.05658940037000762,0.896551724137931
LTE,262,7,O2,2740,30406,48.13635821364259,11.59775720741077,1276,-67,2024-10-10 00:13:45,True,4G,Germany,Munich City Center,0.4499672683034157,0.5982140791260157,0.05158341495266079,0.6206896551724138
LTE,262,2,Vodafone,3789,10068,48.148567803582075,11.579546226666917,1070,-64,2025-07-26 16:54:53,True,4G,Germany,Munich City Center,0.49100988393707856,0.561615254059238,0.029165306344542386,0.7241379310344828
LTE,262,1,Telekom,4283,36925,48.15357340736846,11.557579706818327,891,-67,2025-05-30 12:11:42,True,4G,Germany,Munich City Center,0.5078362534742441,0.5174688772895097,0.009685493524866688,0.6206896551724138
LTE,262,7,O2,3937,30518,48.139127987476954,11.554542905770818,1686,-83,2025-08-13 10:32:26,True,4G,Germany,Munich City Center,0.45927788098078426,0.5113657820271692,0.09620198062901295,0.06896551724137931
LTE,262,2,Vodafone,4762,29766,48.142384788800285,11.573815562783308,866,-58,2024-10-27 05:03:12,True,4G,Germany,Munich City Center,0.47022563971561293,0.5500982705456785,0.00696484927630863,0.9310344827586207
LTE,262,7,O2,4314,20006,48.13246957707494,11.566020523084006,824,-78,2025-04-26 11:47:30,True,4G,Germany,Munich City Center,0.4368955913039552,0.5344324863489871,0.0023941669387310916,0.2413793103448276
GSM,262,7,O2,4415,19116,48.1578007509739,11.569361551385915,1709,-85,2025-02-11 08:13:54,True,2G,Germany,Munich City Center,0.5220464963742284,0.5411469907507334,0.09870497333768637,0.0
LTE,262,2,Vodafone,1428,32309,48.13863108228886,11.599747847004513,1963,-80,2025-09-25 11:07:25,True,4G,Germany,Munich City Center,0.45760753097375145,0.6022146912449964,0.12634671890303623,0.1724137931034483
LTE,262,1,Telekom,2434,26985,48.14956621251222,11.560022456043408,1539,-69,2025-05-16 23:25:41,True,4G,Germany,Munich City Center,0.49436604202004497,0.5223780995235127,0.08020459244749156,0.5517241379310345
UMTS,262,1,Telekom,2886,14171,48.13532776080611,11.56979917980017,1894,-85,2024-11-22 19:40:17,True,3G,Germany,Munich City Center,0.44650339442184933,0.5420264977911726,0.11883774077701599,0.0
UMTS,262,1,Telekom,1680,42083,48.14668874459238,11.571485108335763,1994,-70,2024-10-15 00:43:13,True,3G,Germany,Munich City Center,0.4846934149770887,0.5454147284645865,0.12972031777124823,0.5172413793103449
LTE,262,2,Vodafone,1037,34265,48.15274855302678,11.589688822728313,1018,-65,2025-01-27 08:36:30,True,4G,Germany,Munich City Center,0.5050635002640949,0.5819989502585377,0.023506366307541625,0.6896551724137931
UMTS,262,1,Telekom,3491,37528,48.13564742654844,11.562692726476838,877,-78,2025-06-19 05:05:17,True,3G,Germany,Munich City Center,0.4475779528843776,0.5277445738418766,0.008161932745674175,0.2413793103448276
UMTS,262,1,Telekom,2521,18593,48.13721717754099,11.579345969522608,1322,-56,2025-07-27 06:43:28,True,3G,Germany,Munich City Center,0.4528546810093321,0.5612127948893545,0.05658940037000762,1.0
LTE,262,2,Vodafone,2358,13024,48.15919624666103,11.579522480142645,1129,-85,2024-10-08 17:01:27,True,4G,Germany,Munich City Center,0.5267374641617917,0.5615675303863612,0.03558602677113941,0.0
LTE,262,7,O2,3500,21703,48.15187515300057,11.575281078932335,1588,-68,2025-08-17 00:38:02,True,4G,Germany,Munich City Center,0.5021275604210665,0.5530435358186037,0.08553705517466537,0.5862068965517241
LTE,262,1,Telekom,3055,36900,48.15773491823122,11.555005506508719,1292,-72,2025-06-16 03:56:29,True,4G,Germany,Munich City Center,0.5218251991834774,0.5122954762441,0.053324627271737944,0.4482758620689655
LTE,262,1,Telekom,3588,44461,48.15678048331466,11.558999541887667,1145,-64,2025-07-01 19:46:09,True,4G,Germany,Munich City Center,0.518616860031894,0.5203223367520923,0.03732723909021656,0.7241379310344828
GSM,262,2,Vodafone,1023,37886,48.15276322818636,11.58315498244911,1692,-85,2025-08-21 21:21:29,True,2G,Germany,Munich City Center,0.5051128309080266,0.568867813569288,0.09685493524866688,0.0
GSM,262,2,Vodafone,3760,25874,48.14506238411972,11.592582747508324,1354,-80,2025-05-22 17:01:13,True,2G,Germany,Munich City Center,0.47922639371821607,0.5878149053830733,0.06007182500816193,0.1724137931034483
UMTS,262,1,Telekom,2762,11455,48.13299107595831,11.552294107617456,954,-80,2025-03-20 03:03:42,True,3G,Germany,Munich City Center,0.4386486131768799,0.5068463455737997,0.016541517031232997,0.1724137931034483
LTE,262,7,O2,1514,48363,48.15756603114438,11.555947657595208,866,-75,2025-01-12 19:56:54,True,4G,Germany,Munich City Center,0.5212574841475786,0.514188928512591,0.00696484927630863,0.3448275862068966
LTE,262,1,Telekom,4668,42370,48.1470294994699,11.55193296225266,1730,-59,2025-04-18 23:03:48,True,4G,Germany,Munich City Center,0.48583886470412,0.5061205474294964,0.10099031450647514,0.896551724137931
LTE,262,1,Telekom,1468,15450,48.1466094000936,11.579796695093329,1829,-73,2025-03-29 07:28:15,True,4G,Germany,Munich City Center,0.4844266979307193,0.562118623441257,0.11176406573076504,0.41379310344827586
LTE,262,1,Telekom,3789,32739,48.14850533792381,11.56906905105979,1594,-62,2025-02-08 16:15:46,True,4G,Germany,Munich City Center,0.4907999052223736,0.5405591493588604,0.08619000979431929,0.7931034482758621
UMTS,262,2,Vodafone,2602,21506,48.13759981863608,11.595310256258792,1000,-75,2025-03-17 23:00:33,True,3G,Germany,Munich City Center,0.4541409315279329,0.5932964122294392,0.021547502448579822,0.3448275862068966
NR,262,1,Telekom,3104,20104,48.149225975738474,11.58977069292817,1791,-81,2024-10-15 06:34:29,True,5G,Germany,Munich City Center,0.4932223339022077,0.5821634857750422,0.1076286864729568,0.13793103448275862
NR,262,7,O2,3282,21368,48.13811564577285,11.570321496391276,1427,-56,2025-02-25 01:35:50,True,5G,Germany,Munich City Center,0.4558748877879412,0.5430762036700755,0.06801610621395146,1.0
NR,262,7,O2,1930,41822,48.139521356794724,11.55428914178882,1649,-85,2024-12-31 12:09:43,True,5G,Germany,Munich City Center,0.4606001944893727,0.5108557895278063,0.09217542714114703,0.0
LTE,262,1,Telekom,2549,40512,48.14603010910347,11.564299830882034,1854,-75,2025-04-09 22:41:38,True,4G,Germany,Munich City Center,0.4824794075167208,0.530974390720885,0.1144847099793231,0.3448275862068966
LTE,262,1,Telekom,1380,22758,48.13383286934553,11.582149058877187,1075,-83,2025-01-17 16:59:30,True,4G,Germany,Munich City Center,0.4414783070982987,0.566846196976686,0.029709435194253998,0.06896551724137931
UMTS,262,1,Telekom,4716,16211,48.1547436621782,11.559459333893532,1067,-72,2024-12-10 12:47:31,True,3G,Germany,Munich City Center,0.5117700725940907,0.521246386226771,0.02883882903471542,0.4482758620689655
NR,262,7,O2,4753,13833,48.13414346270944,11.578694355682778,1252,-57,2025-09-25 20:46:45,True,5G,Germany,Munich City Center,0.442522368702034,0.5599032387885344,0.04897159647404505,0.9655172413793104
GSM,262,2,Vodafone,1291,32020,48.14428175101058,11.586646528862438,1757,-83,2025-01-30 06:34:11,True,2G,Germany,Munich City Center,0.47660229046757246,0.5758848160136564,0.10392861029491783,0.06896551724137931
LTE,262,1,Telekom,1516,22185,48.14929486252161,11.593991517863628,1001,-82,2025-05-26 14:46:49,True,4G,Germany,Munich City Center,0.4934538972697225,0.5906461279579724,0.021656328218522147,0.10344827586206896
UMTS,262,1,Telekom,3249,48381,48.23018386941525,11.507504573593843,7694,-56,2025-01-25 13:13:44,True,3G,Germany,Munich Metropolitan,0.7653628176657595,0.4168322851775238,0.7500272064424856,1.0
NR,262,1,Telekom,1187,38517,48.17781800622333,11.30179230153688,4646,-75,2025-09-12 21:57:06,True,5G,Germany,Bavaria Region,0.5893346294987013,0.0034098800364325272,0.41832625965828707,0.3448275862068966
UMTS,262,1,Telekom,1768,26290,48.015183227130414,11.446063321367928,4413,-71,2025-01-31 14:04:27,True,3G,Germany,Bavaria Region,0.04263676658453345,0.29335306822986196,0.39296985526172595,0.4827586206896552
LTE,262,7,O2,4383,46158,48.07735970408337,11.417149021642368,5886,-58,2025-02-26 21:25:42,True,4G,Germany,Bavaria Region,0.251643396429018,0.23524365542729767,0.5532702143867668,0.9310344827586207
GSM,262,7,O2,3682,27905,48.28901289517836,11.371669721945715,5091,-64,2025-03-17 00:43:00,True,2G,Germany,Bavaria Region,0.9631169686622063,0.1438433647362469,0.46675372728262055,0.7241379310344828
LTE,262,7,O2,3961,34387,48.205813518017926,11.735098344535043,8309,-58,2025-08-09 16:27:19,True,4G,Germany,Bavaria Region,0.6834417236556537,0.874230199442873,0.8169550549570138,0.9310344827586207
GSM,262,1,Telekom,3446,22644,48.265872531974615,11.635910843566256,6912,-57,2025-07-22 15:57:32,True,2G,Germany,Munich Metropolitan,0.8853304879284837,0.6748918964801056,0.6649254543475895,0.9655172413793104
NR,262,2,Vodafone,4131,15696,48.20630191064402,11.65220095495015,3022,-66,2025-03-16 19:21:04,True,5G,Germany,Munich Metropolitan,0.6850834586304165,0.7076303274983617,0.2415932092719556,0.6551724137931034
LTE,262,7,O2,4568,25966,48.044905370049385,11.719547320367836,3699,-79,2025-09-25 08:42:46,True,4G,Germany,Bavaria Region,0.14254794244530672,0.8429771208135448,0.3152682555229078,0.20689655172413793
LTE,262,1,Telekom,2013,42024,48.09250292760085,11.534859455151874,6692,-83,2025-04-05 09:44:03,True,4G,Germany,Munich Metropolitan,0.30254744032916137,0.4718077167013135,0.6409837849602786,0.06896551724137931
LTE,262,1,Telekom,2782,14190,48.04286098263677,11.783668648611412,9083,-62,2024-11-13 22:06:13,True,4G,Germany,Bavaria Region,0.13567572092122593,0.9718425184790768,0.9011862008923713,0.7931034482758621
LTE,262,7,O2,2558,31442,48.17923919320725,11.308188442560288,2829,-83,2025-07-28 19:52:35,True,4G,Germany,Bavaria Region,0.5941119587467454,0.01626428089000406,0.22058983567308738,0.06896551724137931
GSM,262,2,Vodafone,4705,10566,48.027364149462,11.577401661103304,7871,-62,2024-10-03 16:36:58,True,2G,Germany,Munich Metropolitan,0.08358301586862948,0.557305295083887,0.7692893677222766,0.7931034482758621
NR,262,1,Telekom,3781,29346,48.082643181117675,11.365905691988871,2512,-84,2024-10-16 09:00:19,True,5G,Germany,Bavaria Region,0.2694038386881722,0.1322593250276018,0.1860920666013712,0.034482758620689655
GSM,262,1,Telekom,1126,12598,48.14960634842927,11.464075374000942,5064,-68,2025-02-05 18:26:41,True,2G,Germany,Munich Metropolitan,0.49450095916508513,0.3295521051011586,0.4638154314941778,0.5862068965517241
LTE,262,1,Telekom,4799,42349,48.261729718950356,11.62602103868713,8495,-60,2025-01-11 04:01:34,True,4G,Germany,Munich Metropolitan,0.871404395124425,0.6550162377329586,0.8371966481662858,0.8620689655172413
NR,262,1,Telekom,2051,46108,48.14953216668601,11.463753474771698,7973,-58,2025-09-12 11:01:51,True,5G,Germany,Munich Metropolitan,0.494251596754802,0.3289051803832688,0.7803895962563935,0.9310344827586207
UMTS,262,1,Telekom,4294,29271,48.105284562454344,11.70421525655363,8769,-78,2024-11-03 10:58:55,True,3G,Germany,Munich Metropolitan,0.3455129886450195,0.8121640894155413,0.8670149091304821,0.2413793103448276
NR,262,7,O2,3259,46683,48.12795257530031,11.330605631641369,7742,-56,2025-05-10 19:42:59,True,5G,Germany,Bavaria Region,0.42171166059280696,0.061316372988022234,0.755250843399717,1.0
LTE,262,1,Telekom,2056,33747,48.19543719990421,11.51125998686183,8841,-62,2024-11-27 15:09:07,True,4G,Germany,Munich Metropolitan,0.648561663134011,0.4243795839848598,0.8748503645663293,0.7931034482758621
UMTS,262,1,Telekom,2580,23641,48.27177201619134,11.373750739503915,7396,-79,2024-12-14 01:49:31,True,3G,Germany,Bavaria Region,0.9051616423197446,0.1480256105276595,0.7175971269996735,0.20689655172413793
LTE,262,2,Vodafone,3219,34711,48.02006317595967,11.679917809434633,4687,-67,2025-06-05 07:16:43,True,4G,Germany,Bavaria Region,0.05904074616973929,0.76333322032698,0.4227881162259223,0.6206896551724138
LTE,262,7,O2,3187,15141,48.02933773130385,11.336224366785547,4684,-85,2025-06-17 09:16:23,True,4G,Germany,Bavaria Region,0.09021722400812361,0.07260841197981283,0.42246163891609534,0.0
NR,262,7,O2,4647,17796,48.02282187262298,11.485154027983047,3130,-78,2025-08-19 23:19:39,True,5G,Germany,Munich Metropolitan,0.06831412286487111,0.3719141272560917,0.25334639242572643,0.2413793103448276
UMTS,262,1,Telekom,4967,34616,48.00652800834402,11.589946403842138,7242,-84,2024-10-14 11:47:03,True,3G,Germany,Munich Metropolitan,0.013542192595085897,0.5825166140932309,0.7008379584285559,0.034482758620689655
NR,262,2,Vodafone,4817,14555,48.111796240999155,11.381368852059246,6068,-66,2025-05-15 12:47:19,True,5G,Germany,Bavaria Region,0.36740203823384326,0.16333582213423023,0.5730765045162695,0.6551724137931034
GSM,262,2,Vodafone,2558,39109,48.1907719974983,11.488035239043468,3425,-81,2025-05-27 20:17:55,True,2G,Germany,Munich Metropolitan,0.6328795550412774,0.3777045314668261,0.2854499945587115,0.13793103448275862
GSM,262,2,Vodafone,3544,21350,48.17989574007884,11.31264101152042,7054,-81,2025-09-07 01:51:05,True,2G,Germany,Bavaria Region,0.5963189453064632,0.025212661801592293,0.6803787136793993,0.13793103448275862
GSM,262,7,O2,1885,27472,48.29898414443454,11.410997267844875,6930,-68,2024-10-26 20:18:07,True,2G,Germany,Bavaria Region,0.9966353875966013,0.22288040249462338,0.6668843182065514,0.5862068965517241
UMTS,262,2,Vodafone,2824,28205,48.122370042619096,11.668474264197247,7195,-83,2025-08-21 11:21:21,True,3G,Germany,Munich Metropolitan,0.4029459408402927,0.7403349910620247,0.6957231472412667,0.06896551724137931
UMTS,262,1,Telekom,2331,32947,48.156889621566656,11.759182591617698,6344,-80,2025-02-04 21:25:35,True,3G,Germany,Bavaria Region,0.5189837289725941,0.9226325978771597,0.6031124170203505,0.1724137931034483
LTE,262,1,Telekom,3041,33773,48.21046009990843,11.519162890244427,2200,-79,2024-11-01 17:32:54,True,4G,Germany,Munich Metropolitan,0.6990612387652928,0.4402621431115516,0.15213842637936664,0.20689655172413793
LTE,262,1,Telekom,4682,15829,48.2121246401925,11.383825342479183,6133,-85,2025-03-22 03:23:07,True,4G,Germany,Bavaria Region,0.7046566017074014,0.168272660211323,0.5801501795625204,0.0
UMTS,262,1,Telekom,4563,35394,48.168883906676726,11.526424706708886,8474,-59,2024-11-24 13:55:18,True,3G,Germany,Munich Metropolitan,0.5593025960281596,0.4548563022174228,0.834911306997497,0.896551724137931
LTE,262,2,Vodafone,4122,44050,48.035415301400384,11.59790754911531,3902,-68,2025-08-29 04:27:19,True,4G,Germany,Munich Metropolitan,0.11064701523739853,0.598516222641628,0.3373598868211993,0.5862068965517241
UMTS,262,7,O2,4170,27026,48.2539471858813,11.489537078210539,9105,-74,2025-03-24 21:38:29,True,3G,Germany,Bavaria Region,0.8452433598240972,0.38072279554206667,0.9035803678311024,0.3793103448275862
NR,262,1,Telekom,3435,11149,48.09328181368716,11.371969521513197,4959,-57,2024-10-23 21:05:37,True,5G,Germany,Bavaria Region,0.30516567095127917,0.14444587550047855,0.45238872565023397,0.9655172413793104
UMTS,262,2,Vodafone,4598,29677,48.17260236212315,11.47407758970594,3033,-84,2024-10-27 22:28:09,True,3G,Germany,Munich Metropolitan,0.5718022080867862,0.349653677224943,0.24279029274132113,0.034482758620689655
LTE,262,7,O2,4098,30925,48.26999527742531,11.423593240867731,7286,-84,2024-10-06 23:24:04,True,4G,Germany,Bavaria Region,0.8991891234540724,0.24819467961640596,0.705626292306018,0.034482758620689655
UMTS,262,7,O2,4826,25443,48.23839813334151,11.590977639875234,6091,-81,2025-02-20 19:30:41,True,3G,Germany,Munich Metropolitan,0.7929751190378732,0.5845891014407666,0.5755794972249428,0.13793103448275862
LTE,262,2,Vodafone,1854,39295,48.07546278392726,11.6818762535603,9031,-74,2024-12-03 16:39:06,True,4G,Germany,Munich Metropolitan,0.24526688704246472,0.7672691288300171,0.8955272608553706,0.3793103448275862
UMTS,262,7,O2,2325,42035,48.25238591478991,11.62223983848456,8604,-60,2024-12-03 08:48:13,True,3G,Germany,Munich Metropolitan,0.8399951369418015,0.647417114615825,0.849058657089999,0.8620689655172413
UMTS,262,7,O2,4276,24907,48.25723254509976,11.305789474493302,2591,-84,2025-07-02 18:52:22,True,3G,Germany,Bavaria Region,0.8562871161082984,0.011443046171273213,0.19468930242681468,0.034482758620689655
LTE,262,7,O2,3267,16596,48.078302395082076,11.322723698907149,3547,-64,2024-11-07 18:39:03,True,4G,Germany,Bavaria Region,0.25481225832470344,0.045475958823333246,0.2987267384916748,0.7241379310344828
UMTS,262,7,O2,1317,17987,48.23497151643382,11.387433937987451,7944,-65,2025-06-29 06:10:32,True,3G,Germany,Bavaria Region,0.7814565241167424,0.17552489761695775,0.7772336489280661,0.6896551724137931
LTE,262,1,Telekom,2279,32944,48.08751164344133,11.339184712578682,9923,-63,2024-11-12 13:51:00,True,4G,Germany,Bavaria Region,0.2857692063104362,0.07855785420612806,0.9925998476439221,0.7586206896551724
UMTS,262,1,Telekom,2828,42194,48.21639251263873,11.410526183064734,3659,-56,2025-01-25 06:17:32,True,3G,Germany,Bavaria Region,0.7190030825681151,0.22193365779687668,0.31091522472521493,1.0
UMTS,262,2,Vodafone,3380,15794,48.13870014446869,11.418493327112907,3924,-70,2025-09-12 11:21:27,True,3G,Germany,Bavaria Region,0.45783968393840835,0.23794532215489428,0.33975405375993034,0.5172413793103449
LTE,262,1,Telekom,2205,27335,48.22877636839765,11.60240361984931,5503,-79,2025-07-16 06:31:58,True,4G,Germany,Munich Metropolitan,0.760631493882097,0.6075520295866792,0.5115899444988573,0.20689655172413793
NR,262,7,O2,4086,38225,48.16607675157003,11.519187617172157,9587,-78,2025-04-24 01:22:46,True,5G,Germany,Munich Metropolitan,0.5498663259618314,0.4403118371129438,0.9560343889433017,0.2413793103448276
LTE,262,2,Vodafone,4876,36336,48.291026635381115,11.33444086201487,7411,-59,2025-07-20 19:54:08,True,4G,Germany,Bavaria Region,0.9698861693919097,0.06902408118369244,0.7192295135488084,0.896551724137931
NR,262,1,Telekom,3616,22282,48.294008575994056,11.455954516231545,5773,-73,2025-07-11 22:31:48,True,5G,Germany,Bavaria Region,0.9799099820691487,0.3132315204454068,0.5409729023832843,0.41379310344827586
NR,262,1,Telekom,1109,49499,48.185447512040966,11.362921106274369,8645,-76,2025-02-28 03:46:40,True,5G,Germany,Bavaria Region,0.6149812627025869,0.12626116754238567,0.8535205136576342,0.3103448275862069
LTE,262,2,Vodafone,4890,40502,48.17851634668448,11.681953044560478,9418,-75,2025-06-21 10:35:17,True,4G,Germany,Munich Metropolitan,0.5916821054803207,0.7674234566183841,0.9376428338230492,0.3448275862068966
UMTS,262,7,O2,3479,47094,48.22449415665136,11.702104718284913,3493,-57,2025-08-10 22:56:09,True,3G,Germany,Munich Metropolitan,0.7462368113713959,0.8079225155003323,0.29285014691478944,0.9655172413793104
NR,262,7,O2,4690,38161,48.11693065992088,11.67245394777106,3086,-80,2025-07-31 22:33:39,True,5G,Germany,Munich Metropolitan,0.38466142068248155,0.7483330085761717,0.24855805854826424,0.1724137931034483
NR,262,2,Vodafone,4677,10282,48.15731170028948,11.47091936937614,5089,-76,2025-05-01 23:42:55,True,5G,Germany,Munich Metropolitan,0.5204025493321658,0.3433065641837252,0.46653607574273587,0.3103448275862069
LTE,262,1,Telekom,2561,41473,48.00249940012998,11.643399292808107,2501,-72,2025-04-16 09:59:20,True,4G,Germany,Munich Metropolitan,0.0,0.6899415221800533,0.18489498313200567,0.4482758620689655
NR,262,7,O2,4084,11453,48.08113393201289,11.461467857067309,9098,-74,2025-03-20 08:23:47,True,5G,Germany,Munich Metropolitan,0.2643304880506693,0.32431174723932826,0.9028185874415061,0.3793103448275862
NR,262,1,Telekom,1678,47920,48.1323806576181,11.59981112694501,9717,-83,2025-04-24 04:36:46,True,5G,Germany,Munich City Center,0.43659668797406065,0.6023418656956776,0.9701817390358036,0.06896551724137931
GSM,262,1,Telekom,1008,46576,48.092406363616945,11.571266734163137,4224,-72,2025-04-23 01:53:12,True,2G,Germany,Munich City Center,0.30222283987206155,0.544975859286949,0.37240178474262703,0.4482758620689655
NR,262,1,Telekom,3421,15252,48.042327117630805,11.325195500098616,9605,-70,2025-03-17 15:47:45,True,5G,Germany,Bavaria Region,0.13388113024712575,0.050443567140467875,0.9579932528022636,0.5172413793103449
LTE,262,7,O2,2509,29481,48.01060922320008,11.455949085746768,4163,-64,2025-05-27 13:26:03,True,4G,Germany,Bavaria Region,0.027261222757911617,0.3132206067354228,0.3657634127761454,0.7241379310344828
LTE,262,2,Vodafone,3580,34908,48.13822604148058,11.381951486526702,9684,-65,2025-06-05 19:26:44,True,4G,Germany,Bavaria Region,0.4562459836742393,0.16450674956819028,0.966590488627707,0.6896551724137931
GSM,262,2,Vodafone,2381,24824,48.08562070665997,11.34655761113509,8390,-66,2025-01-12 09:31:41,True,2G,Germany,Bavaria Region,0.27941281007684,0.09337525631623388,0.8257699423223419,0.6551724137931034
LTE,262,1,Telekom,4986,37387,48.27137862218183,11.39916633757778,4029,-65,2025-08-30 18:00:43,True,4G,Germany,Bavaria Region,0.9038392458096997,0.19910364091802385,0.3511807596038742,0.6896551724137931
LTE,262,7,O2,3824,45763,48.0939689380676,11.470576697279226,5783,-76,2025-04-13 20:04:29,True,4G,Germany,Munich Metropolitan,0.3074754440049561,0.34261789198607406,0.5420611600827075,0.3103448275862069
LTE,262,7,O2,1250,38841,48.21798583805814,11.602838865461102,6906,-82,2025-03-16 08:34:08,True,4G,Germany,Munich Metropolitan,0.7243590562816016,0.6084267478806089,0.6642724997279356,0.10344827586206896
LTE,262,1,Telekom,1412,40979,48.136634624039175,11.651547240012441,6859,-56,2024-12-13 08:22:52,True,4G,Germany,Munich Metropolitan,0.45089642364118765,0.7063165487960906,0.6591576885406464,1.0
UMTS,262,2,Vodafone,2013,16711,48.24097737423573,11.779015343444561,6815,-81,2024-10-04 14:24:01,True,3G,Germany,Bavaria Region,0.8016452540033211,0.9624907156201674,0.6543693546631842,0.13793103448275862
UMTS,262,2,Vodafone,2854,14479,48.012095716827574,11.355247573952111,3743,-82,2025-09-07 15:48:35,True,3G,Germany,Bavaria Region,0.03225808071117473,0.11083957816964625,0.32005658940037,0.10344827586206896
LTE,262,1,Telekom,1649,41713,48.185161735685604,11.329309880012454,6087,-82,2025-08-07 08:07:26,True,4G,Germany,Bavaria Region,0.6140206236337529,0.0587122854946763,0.5751441941451736,0.10344827586206896
GSM,262,2,Vodafone,1088,41364,48.10516071164843,11.430431095385885,4989,-62,2025-04-26 07:57:26,True,2G,Germany,Bavaria Region,0.34509666335905936,0.2619367973453713,0.45565349874850364,0.7931034482758621
LTE,262,2,Vodafone,1449,33494,48.1196317102439,11.430835797381336,3938,-73,2025-06-29 19:49:50,True,4G,Germany,Bavaria Region,0.39374101883149915,0.26275013176947737,0.34127761453912286,0.41379310344827586
GSM,262,7,O2,3367,31893,48.026716685728225,11.476602090988374,5299,-56,2024-11-30 08:20:27,True,2G,Germany,Bavaria Region,0.08140656233547516,0.3547271975430523,0.48938948743062355,1.0
GSM,262,2,Vodafone,4861,46880,48.0283029638976,11.584191809196533,6550,-61,2025-04-10 03:27:03,True,2G,Germany,Munich Metropolitan,0.08673884667233468,0.5709515366420452,0.6255305256284688,0.8275862068965517
NR,262,2,Vodafone,3175,15709,48.193267313915605,11.794219474366475,9637,-60,2025-01-10 07:42:46,True,5G,Germany,Bavaria Region,0.6412675773341882,0.9930466387596344,0.9614756774404178,0.8620689655172413
LTE,262,2,Vodafone,4736,39370,48.17533933065371,11.396698584384074,2786,-75,2024-11-17 22:56:06,True,4G,Germany,Bavaria Region,0.5810025455230193,0.19414416791023958,0.21591032756556752,0.3448275862068966
LTE,262,2,Vodafone,3758,11250,48.23737643261847,11.400088321467791,9627,-61,2024-12-21 11:35:13,True,4G,Germany,Bavaria Region,0.7895406654422696,0.20095656293136982,0.9603874197409946,0.8275862068965517
LTE,262,2,Vodafone,3167,45918,48.0229368568903,11.504595886156679,7916,-81,2024-11-28 16:47:50,True,4G,Germany,Munich Metropolitan,0.06870064322394327,0.41098666136494294,0.7741865273696812,0.13793103448275862
LTE,262,7,O2,3314,23463,48.07827331487921,11.541589329402537,5805,-69,2025-02-10 20:44:09,True,4G,Germany,Munich Metropolitan,0.2547145050344924,0.48533282519963267,0.5444553270214387,0.5517241379310345
UMTS,262,1,Telekom,4832,39889,48.25786890123547,11.431355015204698,7376,-85,2025-01-08 05:23:53,True,3G,Germany,Bavaria Region,0.8584262313786241,0.26379361001790624,0.715420611600827,0.0
LTE,262,2,Vodafone,4236,35030,48.16987330280996,11.508068126724297,4083,-84,2025-04-19 05:31:55,True,4G,Germany,Munich Metropolitan,0.562628457535963,0.417964864621069,0.3570573511807596,0.034482758620689655
NR,262,7,O2,2696,15764,48.270318533069,11.536452503723352,7403,-69,2025-01-08 13:41:17,True,5G,Germany,Munich Metropolitan,0.9002757493932929,0.47500928540375986,0.7183589073892698,0.5517241379310345
LTE,262,1,Telekom,1741,18220,48.283545741577186,11.760095572623191,8251,-73,2025-10-02 22:29:31,True,4G,Germany,Bavaria Region,0.9447390964342888,0.9244674266861802,0.8106431603003591,0.41379310344827586
LTE,262,2,Vodafone,2804,36602,48.21969451991353,11.782889851209163,5393,-78,2024-11-29 06:18:02,True,4G,Germany,Bavaria Region,0.7301028014015096,0.9702773600568974,0.49961910980520186,0.2413793103448276
LTE,262,7,O2,4629,29045,48.11596240160237,11.329399587757111,9542,-71,2025-01-11 05:28:37,True,4G,Germany,Bavaria Region,0.38140661407571785,0.058892572218384606,0.9511372292958973,0.4827586206896552
NR,262,2,Vodafone,2232,33923,48.28039410183637,11.695516506186669,4381,-85,2025-04-06 01:10:11,True,5G,Germany,Bavaria Region,0.934144839039971,0.7946821071182728,0.38948743062357166,0.0
GSM,262,2,Vodafone,4861,30313,48.2772737352304,11.411256839784594,6420,-75,2025-01-18 09:43:53,True,2G,Germany,Bavaria Region,0.9236557064909136,0.22340206731584433,0.6113831755359669,0.3448275862068966
LTE,262,2,Vodafone,1607,48562,48.08429938045839,11.725060002716463,2974,-84,2025-02-20 08:23:35,True,4G,Germany,Bavaria Region,0.27497116349519585,0.8540560242380185,0.23636957231472414,0.034482758620689655
LTE,262,2,Vodafone,2849,36738,48.0813694903223,11.511113540759123,8280,-66,2025-02-20 01:00:27,True,4G,Germany,Munich Metropolitan,0.26512231883290394,0.4240852695066834,0.8137991076286865,0.6551724137931034
UMTS,262,2,Vodafone,4617,45140,48.257173861249655,11.493910765208925,2550,-68,2025-05-24 06:25:09,True,3G,Germany,Bavaria Region,0.8560898499662118,0.3895126464349026,0.19022744585917944,0.5862068965517241
LTE,262,7,O2,4253,36536,48.22085287970591,11.744099420842259,9176,-85,2024-10-12 12:45:41,True,4G,Germany,Bavaria Region,0.7339966353434897,0.8923197697858486,0.9113069974970073,0.0
NR,262,7,O2,4777,45847,48.017334980135686,11.357832488715012,2466,-74,2025-01-14 13:15:50,True,5G,Germany,Bavaria Region,0.049869898243470975,0.11603451217954912,0.1810860811840244,0.3793103448275862
UMTS,262,7,O2,1468,23569,48.08183029851081,11.539893418647068,2878,-61,2024-10-15 18:48:44,True,3G,Germany,Munich Metropolitan,0.26667132854211273,0.4819245331399518,0.22592229840026118,0.8275862068965517
NR,262,7,O2,2622,39877,48.24520456583994,11.75443990332389,4412,-67,2025-07-30 21:49:53,True,5G,Germany,Bavaria Region,0.8158549859501946,0.9131011606826026,0.39286102949178364,0.6206896551724138
LTE,262,2,Vodafone,1400,46458,48.00365081828826,11.42042637279098,9718,-73,2024-11-29 23:11:37,True,4G,Germany,Bavaria Region,0.003870499594016279,0.24183018709506127,0.970290564805746,0.41379310344827586
LTE,262,7,O2,4399,46555,48.04937744420408,11.510300339081747,4175,-74,2025-08-17 04:03:46,True,4G,Germany,Munich Metropolitan,0.15758084867116598,0.4224509684027002,0.3670693220154533,0.3793103448275862
LTE,262,7,O2,4883,15705,48.17337005848832,11.331464189422398,7566,-81,2025-07-02 22:50:51,True,4G,Germany,Bavaria Region,0.5743828243888106,0.06304182679413975,0.7360975078898683,0.13793103448275862
LTE,262,7,O2,2747,29260,48.09248877116481,11.441255442829299,3059,-78,2025-01-26 11:51:10,True,4G,Germany,Munich Metropolitan,0.30249985337776375,0.28369061742325097,0.24561976275982153,0.2413793103448276
LTE,262,7,O2,4934,30518,48.161308453610864,11.655338036534713,6186,-74,2025-04-26 13:29:54,True,4G,Germany,Munich Metropolitan,0.5338376614993229,0.7139349577513154,0.5859179453694635,0.3793103448275862
NR,262,7,O2,1930,20125,48.192518946337856,11.620623707504922,6982,-81,2025-05-20 15:15:33,True,5G,Germany,Munich Metropolitan,0.6387519348762115,0.6441691569225669,0.6725432582435521,0.13793103448275862
LTE,262,2,Vodafone,1206,23962,48.187979773265916,11.794751479554032,3450,-82,2024-10-29 05:18:10,True,4G,Germany,Bavaria Region,0.6234934752056054,0.9941158159263052,0.28817063880726956,0.10344827586206896
UMTS,262,7,O2,4555,43242,48.25911016412579,11.59107375222002,8780,-80,2025-08-07 15:40:38,True,3G,Germany,Munich Metropolitan,0.8625987446210941,0.5847822595656927,0.8682119925998476,0.1724137931034483
LTE,262,1,Telekom,4457,29959,48.20251497638424,11.661025773044972,9812,-81,2024-11-19 05:20:14,True,4G,Germany,Munich Metropolitan,0.6723536545973281,0.7253656696109799,0.9805201871803243,0.13793103448275862
NR,262,2,Vodafone,2047,41532,48.111122740177954,11.65491806841019,4306,-66,2025-04-27 04:10:38,True,5G,Germany,Munich Metropolitan,0.3651380608627371,0.7130909428056487,0.3813254978778975,0.6551724137931034
LTE,262,7,O2,4902,11835,48.05867770078391,11.562835231261943,7955,-58,2024-12-22 21:30:56,True,4G,Germany,Munich Metropolitan,0.1888437213795925,0.5280309674070878,0.7784307323974317,0.9310344827586207
LTE,262,1,Telekom,1617,22505,48.02094364307484,11.664433218649336,7691,-75,2025-09-01 16:03:00,True,4G,Germany,Munich Metropolitan,0.062000442078034144,0.7322136536571299,0.7497007291326586,0.3448275862068966
NR,262,1,Telekom,1639,25714,48.221848861553546,11.581909950328663,5275,-85,2025-10-01 10:28:13,True,5G,Germany,Munich Metropolitan,0.7373446347728961,0.5663656576766629,0.48677766895200786,0.0
LTE,262,2,Vodafone,4692,16830,48.033801537708264,11.366138436976039,2922,-73,2025-07-22 17:42:33,True,4G,Germany,Bavaria Region,0.10522233813788055,0.13272707540251713,0.23071063227772337,0.41379310344827586
LTE,262,1,Telekom,2826,21321,48.272526289730536,11.601751312406499,2106,-80,2025-05-11 10:22:43,True,4G,Germany,Munich Metropolitan,0.9076971377053551,0.6062410795436803,0.14190880400478834,0.1724137931034483
NR,262,7,O2,3325,43096,48.25465348261364,11.53749134220374,7910,-82,2025-07-04 01:09:16,True,5G,Germany,Munich Metropolitan,0.8476175808628363,0.47709705148023596,0.7735335727500272,0.10344827586206896
LTE,262,1,Telekom,2074,25665,48.117734243005934,11.746868460096447,4379,-59,2025-01-31 22:26:08,True,4G,Germany,Bavaria Region,0.38736267042575284,0.8978847409805645,0.38926977908368704,0.896551724137931
LTE,262,7,O2,1965,16655,48.22199123895196,11.358908942587599,2900,-82,2025-08-05 02:15:18,True,4G,Germany,Bavaria Region,0.7378232373194915,0.1181978743580831,0.22831646533899227,0.10344827586206896
UMTS,262,7,O2,4793,15262,48.095539561010845,11.405941809456799,7134,-59,2025-05-27 14:43:41,True,3G,Germany,Bavaria Region,0.3127551031978225,0.21272038751355066,0.6890847752747851,0.896551724137931
UMTS,262,1,Telekom,3069,35937,48.21271463846785,11.682238080024558,9038,-58,2025-09-09 18:20:25,True,3G,Germany,Munich Metropolitan,0.706639884729993,0.7679962957880261,0.8962890412449668,0.9310344827586207
LTE,262,7,O2,3999,23197,48.18305141418234,11.480367762025898,9188,-82,2024-10-16 14:00:33,True,4G,Germany,Munich Metropolitan,0.6069267642370578,0.36229511151209415,0.9126129067363151,0.10344827586206896
UMTS,262,2,Vodafone,3959,37440,48.168201172925684,11.643590309368268,7994,-72,2025-06-22 19:00:24,True,3G,Germany,Munich Metropolitan,0.5570075821036131,0.6903254104378304,0.7826749374251822,0.4482758620689655
LTE,262,1,Telekom,2049,33622,48.03404088195004,11.392436308877592,9086,-72,2025-01-07 14:29:23,True,4G,Germany,Bavaria Region,0.10602689535626937,0.185578222020653,0.9015126782021983,0.4482758620689655
GSM,262,1,Telekom,4442,37615,48.065737596688756,11.616933141372495,2266,-79,2025-05-12 09:32:41,True,2G,Germany,Munich Metropolitan,0.21257560717365317,0.6367521821765115,0.1593209271955599,0.20689655172413793
LTE,262,2,Vodafone,4475,47070,48.269385894897496,11.783432438976329,9483,-73,2025-06-04 13:42:55,True,4G,Germany,Bavaria Region,0.8971406801413283,0.9713678051599476,0.9447165088693003,0.41379310344827586
LTE,262,7,O2,2604,39548,48.28146269925433,11.597067328085487,4263,-82,2025-03-09 00:20:09,True,4G,Germany,Munich Metropolitan,0.9377369361791562,0.596827620422973,0.3766459897703776,0.10344827586206896
LTE,262,1,Telekom,2230,25046,48.22509872483206,11.701957656593853,4525,-84,2025-05-30 07:35:51,True,4G,Germany,Munich Metropolitan,0.7482690712251429,0.8076269638669077,0.4051583414952661,0.034482758620689655
LTE,262,7,O2,4913,28631,48.163905004627445,11.679836789003911,4579,-73,2025-01-01 16:59:57,True,4G,Germany,Munich Metropolitan,0.5425659845531581,0.7631703926016351,0.4110349330721515,0.41379310344827586
LTE,262,2,Vodafone,1225,11031,48.01617906645351,11.380810486788748,6973,-83,2025-05-16 04:39:38,True,4G,Germany,Bavaria Region,0.04598428691677077,0.16221366879467317,0.6715638263140712,0.06896551724137931
LTE,262,7,O2,1227,34163,48.17462241313051,11.37758952804293,2360,-78,2024-10-04 07:24:58,True,4G,Germany,Bavaria Region,0.5785926226270146,0.15574046961097343,0.1695505495701382,0.2413793103448276
UMTS,262,1,Telekom,2956,15564,48.28205790975533,11.682036628227314,3010,-75,2025-09-04 06:34:08,True,3G,Germany,Bavaria Region,0.9397377401320239,0.7675914357098998,0.24028730003264773,0.3448275862068966
UMTS,262,1,Telekom,1342,15509,48.214585549060864,11.53984661157224,5033,-60,2025-08-23 12:21:07,True,3G,Germany,Munich Metropolitan,0.7129289628017823,0.4818304644037536,0.46044183262596583,0.8620689655172413
LTE,262,7,O2,1981,41522,48.111238159862005,11.695490051883555,6242,-59,2025-05-29 20:21:00,True,4G,Germany,Munich Metropolitan,0.3655260448779671,0.7946289415899818,0.5920121884862335,0.896551724137931
UMTS,262,2,Vodafone,4194,45001,48.00847590069059,11.485918172431909,5715,-59,2024-10-08 05:12:12,True,3G,Germany,Bavaria Region,0.02009004532988706,0.37344983746319227,0.5346610077266296,0.896551724137931
LTE,262,1,Telekom,1464,40763,48.15518264088552,11.387270128224761,3716,-76,2025-07-04 14:15:43,True,4G,Germany,Bavaria Region,0.513245702360961,0.1751956871843496,0.3171182936119273,0.3103448275862069
GSM,262,1,Telekom,4261,25706,48.14382947269989,11.51948535394743,4586,-77,2025-05-25 04:39:37,True,2G,Germany,Munich Metropolitan,0.4750819539978744,0.44091020225908195,0.41179671346174773,0.27586206896551724
UMTS,262,2,Vodafone,4229,49325,48.21309415861668,11.408288259646566,4950,-81,2025-01-08 13:20:11,True,3G,Germany,Bavaria Region,0.7079156441675082,0.21743607642844826,0.45140929372075306,0.13793103448275862
UMTS,262,7,O2,3922,40058,48.25922691452904,11.692810802983008,6905,-67,2025-09-01 01:56:30,True,3G,Germany,Bavaria Region,0.8629912018575329,0.7892444231392352,0.6641636739579933,0.6206896551724138
LTE,262,2,Vodafone,4197,30761,48.0828378336036,11.694867119113853,6415,-63,2025-09-16 06:07:00,True,4G,Germany,Munich Metropolitan,0.270058164279899,0.7933770261776634,0.6108390466862553,0.7586206896551724
LTE,262,2,Vodafone,1877,15142,48.224492024876426,11.47161691772755,6095,-63,2025-07-21 08:00:21,True,4G,Germany,Munich Metropolitan,0.7462296453961517,0.3447084354199828,0.5760148003047122,0.7586206896551724
UMTS,262,1,Telekom,2825,44059,48.210435962576,11.60573665298355,8813,-71,2025-07-06 23:19:37,True,3G,Germany,Munich Metropolitan,0.6989801009660451,0.6142504660046622,0.8718032430079443,0.4827586206896552
UMTS,262,2,Vodafone,2454,31339,48.17639607164822,11.37091595977808,2225,-73,2025-09-06 01:58:00,True,3G,Germany,Bavaria Region,0.5845547872180175,0.14232851992347934,0.1548590706279247,0.41379310344827586
LTE,262,2,Vodafone,4339,43028,48.05819825366702,11.487618095234376,9507,-72,2025-05-04 00:05:37,True,4G,Germany,Munich Metropolitan,0.18723205679195104,0.37686619258154785,0.9473283273479159,0.4482758620689655
NR,262,2,Vodafone,3068,15074,48.1988940241896,11.545695001118693,3113,-67,2025-08-09 16:31:27,True,5G,Germany,Munich Metropolitan,0.6601818003508536,0.49358404258516025,0.2514963543367069,0.6206896551724138
LTE,262,1,Telekom,1720,48937,48.21352550199973,11.74520761648746,2804,-59,2024-12-01 07:47:57,True,4G,Germany,Bavaria Region,0.7093656077424222,0.8945469237831527,0.21786919142452932,0.896551724137931
UMTS,262,7,O2,1106,27720,48.27693121257083,11.695407954054717,2253,-76,2025-07-21 13:09:44,True,3G,Germany,Bavaria Region,0.9225043143530677,0.7944639486048019,0.15790619218630972,0.3103448275862069
LTE,262,2,Vodafone,4835,14496,48.15205470392577,11.533184694914636,4352,-78,2025-04-17 00:28:51,True,4G,Germany,Munich Metropolitan,0.5027311220186561,0.46844193109022525,0.3863314832952443,0.2413793103448276
LTE,262,7,O2,4880,40396,48.25751808365214,11.75298518273105,9135,-78,2024-11-01 20:36:23,True,4G,Germany,Bavaria Region,0.8572469558008547,0.9101775913676254,0.9068451409293721,0.2413793103448276
NR,262,2,Vodafone,3725,44008,48.21862813864701,11.46968656206913,2914,-69,2024-12-21 02:27:26,True,5G,Germany,Munich Metropolitan,0.7265181538697272,0.34082897664437484,0.2298400261181848,0.5517241379310345
UMTS,262,1,Telekom,4069,16592,48.14250160705355,11.66465798706484,8718,-57,2025-04-24 08:55:22,True,3G,Germany,Munich Metropolitan,0.4706183250303236,0.7326653734208978,0.8614647948634236,0.9655172413793104
GSM,262,2,Vodafone,1321,19233,48.23686390861196,11.730776322525655,8700,-65,2025-02-21 03:13:24,True,2G,Germany,Bavaria Region,0.7878178126760047,0.8655441802942476,0.8595059310044618,0.6896551724137931
LTE,262,2,Vodafone,2289,16681,48.207400814772036,11.702803894484584,9024,-60,2024-10-05 20:02:54,True,4G,Germany,Munich Metropolitan,0.6887774319716882,0.8093276582426442,0.8947654804657743,0.8620689655172413
LTE,262,7,O2,3440,42354,48.212622615852624,11.688377852095698,7579,-63,2025-02-13 00:10:15,True,4G,Germany,Munich Metropolitan,0.7063305501130973,0.7803354689024337,0.7375122428991185,0.7586206896551724
NR,262,7,O2,1471,34939,48.10564859090938,11.428289877550739,3174,-72,2025-03-02 05:25:47,True,5G,Germany,Bavaria Region,0.3467366726535662,0.25763356633982537,0.2581347263031886,0.4482758620689655
LTE,262,7,O2,3682,30955,48.1787115264952,11.376884800019209,9102,-85,2025-09-29 23:54:25,True,4G,Germany,Bavaria Region,0.5923382036777555,0.15432416930169093,0.9032538905212755,0.0
NR,262,2,Vodafone,2816,34645,48.206393934495466,11.671280066037816,4056,-84,2024-11-12 17:35:44,True,5G,Germany,Munich Metropolitan,0.6853927974028619,0.7459738444647829,0.3541190553923169,0.034482758620689655
LTE,262,2,Vodafone,1714,15839,48.01951287112835,11.451720041277893,9581,-69,2025-07-01 05:54:54,True,4G,Germany,Bavaria Region,0.05719089291625433,0.3047214456582124,0.9553814343236479,0.5517241379310345
UMTS,262,1,Telekom,1667,13860,48.187017433530045,11.33928150400381,5742,-79,2024-10-24 16:52:01,True,3G,Germany,Bavaria Region,0.6202585639527213,0.07875237708691572,0.5375993035150723,0.20689655172413793
GSM,262,2,Vodafone,1009,29874,48.29912495616818,11.583208838376265,4752,-79,2025-01-12 05:21:52,True,2G,Germany,Bavaria Region,0.9971087271509194,0.5689760484680295,0.4298617912721733,0.20689655172413793
LTE,262,1,Telekom,4399,25566,48.13681238860601,11.793764792026362,4321,-68,2024-10-30 18:42:44,True,4G,Germany,Bavaria Region,0.45149398038355765,0.9921328582411219,0.3829578844270323,0.5862068965517241
NR,262,2,Vodafone,3689,10254,48.178223766436304,11.331422774290042,7729,-85,2025-06-27 14:31:01,True,5G,Germany,Bavaria Region,0.5906985950817324,0.06295859430899516,0.7538361083904669,0.0
UMTS,262,2,Vodafone,4941,45465,48.11628641830327,11.363722527110468,7832,-65,2024-12-17 19:12:29,True,3G,Germany,Bavaria Region,0.38249579831367175,0.12787179254923325,0.765045162694526,0.6896551724137931
UMTS,262,1,Telekom,4515,13238,48.15932125415016,11.797258481281325,7933,-73,2024-12-31 13:45:49,True,3G,Germany,Bavaria Region,0.5271576776458561,0.9991541671798635,0.7760365654587006,0.41379310344827586
LTE,262,7,O2,2231,12815,48.20945235908948,11.657993945809082,7105,-59,2025-06-07 19:27:34,True,4G,Germany,Munich Metropolitan,0.6956737114776889,0.7192725702771345,0.6859288279464577,0.896551724137931
NR,262,1,Telekom,2800,24382,48.292434884302,11.347610310581906,6199,-72,2025-01-20 15:00:13,True,5G,Germany,Bavaria Region,0.9746200072572865,0.0954908789421561,0.5873326803787137,0.4482758620689655
LTE,262,7,O2,1310,34086,48.06087093133042,11.513693273763472,3019,-70,2024-12-26 22:02:43,True,4G,Germany,Munich Metropolitan,0.1962162800619518,0.42926978967466206,0.24126673196212864,0.5172413793103449
NR,262,7,O2,3280,46052,48.13192551890695,11.782452256813182,8516,-83,2024-11-04 11:24:53,True,5G,Germany,Bavaria Region,0.43506673624968273,0.969397921383386,0.8394819893350746,0.06896551724137931
LTE,262,2,Vodafone,4964,49191,48.27782806382806,11.42266884591057,3895,-66,2025-02-09 06:56:06,True,4G,Germany,Bavaria Region,0.9255190856609926,0.24633691205266914,0.336598106431603,0.6551724137931034
LTE,262,2,Vodafone,4527,11821,48.24017999490269,11.697259134250634,2820,-74,2024-11-13 13:49:02,True,4G,Germany,Bavaria Region,0.7989648582125918,0.798184287509686,0.2196104037436065,0.3793103448275862
LTE,262,7,O2,3980,31881,48.28141862420689,11.543445326882619,8986,-56,2024-10-15 22:06:46,True,4G,Germany,Bavaria Region,0.9375887776218391,0.48906284545792167,0.890630101207966,1.0
GSM,262,1,Telekom,3310,37969,48.07579545722771,11.550296998356604,8084,-85,2024-12-01 02:17:08,True,2G,Germany,Munich Metropolitan,0.24638517049586908,0.5028327312877137,0.7924692567199912,0.0
LTE,262,7,O2,3521,30871,48.18897333962183,11.42468866961127,7947,-80,2024-11-11 22:06:34,True,4G,Germany,Bavaria Region,0.6268333549439513,0.25039617581926105,0.7775601262378932,0.1724137931034483
NR,262,7,O2,4639,38538,48.13296345005904,11.636725535332314,4961,-76,2025-02-17 21:10:28,True,5G,Germany,Munich Metropolitan,0.4385557485376131,0.6765291922330737,0.45260637719011865,0.3103448275862069
LTE,262,2,Vodafone,3276,22563,48.071520311126385,11.753412475467028,9685,-64,2025-08-13 13:14:49,True,4G,Germany,Bavaria Region,0.2320142391964413,0.9110363266722376,0.9666993143976493,0.7241379310344828
LTE,262,7,O2,2704,11128,48.04726797174717,11.49017864188514,6192,-63,2025-05-01 15:37:38,True,4G,Germany,Munich Metropolitan,0.15048984334927848,0.382012153706035,0.5865708999891174,0.7586206896551724
UMTS,262,7,O2,4036,42323,48.209235056463996,11.57271810249856,9106,-83,2025-07-26 01:33:52,True,3G,Germany,Munich Metropolitan,0.6949432472951705,0.5478926915302407,0.9036891936010447,0.06896551724137931
UMTS,262,1,Telekom,4341,30029,48.27865123524288,11.328473141454076,9598,-57,2025-03-29 16:17:56,True,3G,Germany,Bavaria Region,0.9282861817016144,0.05703068204039457,0.9572314724126674,0.9655172413793104
LTE,262,2,Vodafone,2070,23791,48.27443844726225,11.427894939669269,2979,-79,2024-11-15 08:27:36,True,4G,Germany,Bavaria Region,0.9141248676286419,0.256839854971971,0.23691370116443575,0.20689655172413793
LTE,262,1,Telekom,4682,10964,48.11278715849149,11.52177017708216,2296,-81,2025-07-11 20:52:44,True,4G,Germany,Munich Metropolitan,0.3707330138001205,0.4455020385469098,0.16258570029382957,0.13793103448275862
UMTS,262,2,Vodafone,3598,28508,48.2669439189598,11.441531483888859,6982,-72,2025-08-11 19:05:12,True,3G,Germany,Bavaria Region,0.8889319622159607,0.28424538043092235,0.6725432582435521,0.4482758620689655
LTE,262,1,Telekom,2961,26217,48.241216660330025,11.502493286312381,3078,-64,2025-09-07 05:42:11,True,4G,Germany,Munich Metropolitan,0.8024496157585624,0.4067610413959112,0.24768745238872564,0.7241379310344828
UMTS,262,7,O2,4775,27995,48.15088260088068,11.561168024714233,9231,-60,2025-07-23 06:59:07,True,3G,Germany,Munich City Center,0.4987910900436912,0.5246803625358804,0.9172924148438351,0.8620689655172413
LTE,262,1,Telekom,4202,36217,48.29704785522188,11.791150047631376,9154,-59,2024-11-23 02:48:09,True,4G,Germany,Bavaria Region,0.9901265388715511,0.9868779752640626,0.9089128305582762,0.896551724137931
GSM,262,7,O2,3914,32666,48.03203264820415,11.448315984288316,2266,-70,2024-10-04 03:55:41,True,2G,Germany,Bavaria Region,0.09927620461697167,0.29788027175158877,0.1593209271955599,0.5172413793103449
NR,262,7,O2,1774,21089,48.10171103220933,11.659093714548543,5325,-67,2025-06-12 07:08:23,True,5G,Germany,Munich Metropolitan,0.3335005435892677,0.7214827886215278,0.492218957449124,0.6206896551724138
NR,262,2,Vodafone,4247,39298,48.10628678341298,11.342953721976457,4990,-79,2025-09-17 20:27:14,True,5G,Germany,Bavaria Region,0.34888196088645496,0.08613247731755863,0.45576232451844595,0.20689655172413793
GSM,262,2,Vodafone,1310,27285,48.00311601021097,11.409251628801327,5699,-71,2025-02-11 16:04:30,True,2G,Germany,Bavaria Region,0.0020727387795420387,0.2193721709016529,0.5329197954075525,0.4827586206896552
LTE,262,7,O2,1835,12921,48.110471833594,11.582770614641634,8400,-82,2025-05-20 10:51:23,True,4G,Germany,Munich City Center,0.36295003416641447,0.5680953450051308,0.8268582000217651,0.10344827586206896
NR,262,2,Vodafone,1911,17561,48.00289093347914,11.361524023359147,4480,-72,2025-06-27 04:48:36,True,5G,Germany,Bavaria Region,0.0013161418882157235,0.12345343335512865,0.4002611818478616,0.4482758620689655
UMTS,262,7,O2,4371,30778,48.163050277561744,11.313503413093184,8884,-68,2025-04-28 08:47:17,True,3G,Germany,Bavaria Region,0.5396928139877998,0.02694584052177508,0.8795298726738492,0.5862068965517241
UMTS,262,1,Telekom,2767,20129,48.23884648887714,11.522726376272482,2429,-83,2024-12-05 22:00:38,True,3G,Germany,Munich Metropolitan,0.7944822690737927,0.44742372345711884,0.17705952769615846,0.06896551724137931
LTE,262,1,Telekom,2508,21996,48.19725975954798,11.524180243327427,9261,-63,2025-07-16 09:17:07,True,4G,Germany,Munich Metropolitan,0.6546882091768688,0.45034557740681547,0.9205571879421047,0.7586206896551724
LTE,262,2,Vodafone,4082,42232,48.22242004534999,11.772474144650431,7033,-66,2025-05-18 20:19:49,True,4G,Germany,Bavaria Region,0.7392646728028278,0.9493447904357605,0.6780933725106105,0.6551724137931034
LTE,262,7,O2,3003,47681,48.184690712502075,11.619990462141256,6005,-69,2025-05-04 17:27:11,True,4G,Germany,Munich Metropolitan,0.6124372761526388,0.642896516167237,0.5662204810099032,0.5517241379310345
NR,262,1,Telekom,2148,41376,48.11483757032857,11.379432026207855,4033,-64,2025-08-11 07:28:40,True,5G,Germany,Bavaria Region,0.3776254864660224,0.15944336013468574,0.3516160626836435,0.7241379310344828
LTE,262,1,Telekom,1179,27142,48.091343677301474,11.651345592968562,7635,-58,2025-05-01 10:51:24,True,4G,Germany,Munich Metropolitan,0.29865061294214806,0.7059112963284752,0.7436064860158885,0.9310344827586207
GSM,262,7,O2,2001,25557,48.19028911770006,11.723655033064336,4860,-62,2025-07-18 13:20:56,True,2G,Germany,Bavaria Region,0.6312563514730413,0.8512324399815987,0.44161497442594405,0.7931034482758621
LTE,262,7,O2,3441,30611,48.08441461259489,11.599138959751556,2837,-83,2024-12-10 17:21:56,True,4G,Germany,Munich Metropolitan,0.2753585170681254,0.6009910032750947,0.22146044183262598,0.06896551724137931
LTE,262,2,Vodafone,4140,33246,48.09844864204992,11.780681056381237,9950,-68,2025-04-03 17:42:36,True,4G,Germany,Bavaria Region,0.3225339979457642,0.9658383187634767,0.9955381434323648,0.5862068965517241
UMTS,262,1,Telekom,4512,13811,48.24732633713419,11.72558949848445,7017,-84,2025-08-15 12:22:10,True,3G,Germany,Bavaria Region,0.8229873338934084,0.8551201581942686,0.6763521601915333,0.034482758620689655
LTE,262,1,Telekom,2559,45519,48.2987445460393,11.462014103571688,6843,-77,2024-12-04 21:09:44,True,4G,Germany,Bavaria Region,0.995829976039702,0.3254095453501671,0.6574164762215693,0.27586206896551724
LTE,262,1,Telekom,1705,26512,48.180184346429165,11.566951711627985,5476,-67,2024-12-24 14:43:14,True,4G,Germany,Munich City Center,0.5972890974216848,0.5363039070651255,0.5086516487104146,0.6206896551724138
LTE,262,1,Telekom,2275,14880,48.22014177424405,11.624572875275442,7561,-65,2025-03-23 09:25:26,True,4G,Germany,Munich Metropolitan,0.7316062497293303,0.6521058464631007,0.7355533790401567,0.6896551724137931
GSM,262,1,Telekom,4727,44259,48.04091221150428,11.596673741423078,8885,-70,2025-09-08 18:18:48,True,2G,Germany,Munich Metropolitan,0.1291249141418693,0.5960366246161733,0.8796386984437915,0.5172413793103449
UMTS,262,1,Telekom,1371,23307,48.236172155608216,11.626700120082432,6557,-60,2025-03-02 17:40:15,True,3G,Germany,Munich Metropolitan,0.7854924804751073,0.6563809957074119,0.6262923060180651,0.8620689655172413
LTE,262,7,O2,2792,29906,48.25168363938604,11.486681171817052,2301,-79,2025-09-06 14:16:01,True,4G,Germany,Bavaria Region,0.8376344336247334,0.3749832464220892,0.16312982914354118,0.20689655172413793
UMTS,262,7,O2,4713,30387,48.17638489997114,11.455642138877577,8596,-69,2024-10-22 11:31:21,True,3G,Germany,Munich Metropolitan,0.58451723355318,0.31260373195375485,0.8481880509304603,0.5517241379310345
LTE,262,7,O2,3276,40678,48.05316407108803,11.7012084489959,4539,-77,2025-07-06 05:51:06,True,4G,Germany,Munich Metropolitan,0.17030961945839482,0.8061212724271171,0.4066819022744586,0.27586206896551724
LTE,262,2,Vodafone,4872,25638,48.04113871939237,11.42727564688947,9392,-85,2025-01-09 18:28:39,True,4G,Germany,Bavaria Region,0.12988632187424226,0.25559525489074625,0.9348133638045489,0.0
LTE,262,7,O2,1445,23912,48.04192958021576,11.617339646406515,5211,-67,2025-09-16 01:32:56,True,4G,Germany,Munich Metropolitan,0.13254480565255358,0.6375691401887195,0.4798128196756992,0.6206896551724138
NR,262,2,Vodafone,4913,32859,48.085358299245534,11.311815279685172,7535,-64,2025-04-25 09:28:41,True,5G,Germany,Bavaria Region,0.27853072585424615,0.0235531786899819,0.7327239090216563,0.7241379310344828
LTE,262,1,Telekom,4829,41459,48.19879464330736,11.500886554089627,8442,-71,2025-03-05 08:24:34,True,4G,Germany,Munich Metropolitan,0.6598477308717533,0.4035319724963912,0.8314288823593426,0.4827586206896552
GSM,262,2,Vodafone,4571,14029,48.15775840642645,11.473237785779306,9698,-82,2025-03-20 22:57:56,True,2G,Germany,Munich Metropolitan,0.5219041549038274,0.34796591326353926,0.9681140494068996,0.10344827586206896
LTE,262,7,O2,2438,19810,48.071749600928456,11.377635298848382,3280,-62,2025-08-19 18:48:51,True,4G,Germany,Bavaria Region,0.23278499835066105,0.1558324557442547,0.2696702579170748,0.7931034482758621
UMTS,262,1,Telekom,4278,23189,48.15865165811644,11.583447469836285,8203,-58,2025-09-21 08:08:58,True,3G,Germany,Munich City Center,0.5249068262431579,0.5694556289575999,0.8054195233431276,0.9310344827586207
LTE,262,7,O2,1108,38722,48.09739508700648,11.378025345491041,6263,-69,2025-07-25 11:48:16,True,4G,Germany,Bavaria Region,0.31899246584592483,0.15661633713116885,0.5942975296550224,0.5517241379310345
LTE,262,2,Vodafone,1530,38385,48.12653272373369,11.327368324141638,7945,-78,2025-07-07 19:49:31,True,4G,Germany,Bavaria Region,0.41693882035864627,0.05481031751871386,0.7773424746980084,0.2413793103448276
NR,262,7,O2,3071,43662,48.169633208323134,11.376961066499836,3361,-69,2025-03-20 16:08:24,True,5G,Germany,Bavaria Region,0.5618213783639808,0.15447744295686713,0.27848514528240287,0.5517241379310345
GSM,262,7,O2,3611,44010,48.062653310892344,11.342958153667096,9392,-60,2025-07-14 04:48:45,True,2G,Germany,Bavaria Region,0.20220776049953282,0.08614138373906008,0.9348133638045489,0.8620689655172413
LTE,262,7,O2,1151,23294,48.177439739132865,11.606073666246226,3962,-61,2025-04-21 02:12:10,True,4G,Germany,Munich City Center,0.588063082224968,0.6149277655756936,0.3438894330177386,0.8275862068965517
LTE,262,7,O2,1443,24113,48.26500142374419,11.501215563801185,6589,-78,2025-09-26 06:54:43,True,4G,Germany,Bavaria Region,0.8824022519718345,0.40419318723534275,0.6297747306562194,0.2413793103448276
GSM,262,1,Telekom,1505,48997,48.23319320779667,11.300095600629978,3503,-84,2025-05-27 09:52:16,True,2G,Germany,Bavaria Region,0.7754787281191234,0.0,0.29393840461421267,0.034482758620689655
UMTS,262,1,Telekom,3773,12758,48.05252391069033,11.447266653203828,6782,-71,2025-07-23 03:02:44,True,3G,Germany,Bavaria Region,0.16815771613677113,0.2957714185635876,0.6507781042550876,0.4827586206896552
LTE,262,7,O2,4012,24275,48.17318969157532,11.370077463514454,4235,-81,2025-05-23 10:41:15,True,4G,Germany,Bavaria Region,0.5737765198429601,0.1406433839880115,0.3735988682119926,0.13793103448275862
NR,262,1,Telekom,4425,37824,48.03004904242016,11.578785923552484,9985,-70,2025-06-25 05:24:26,True,5G,Germany,Munich Metropolitan,0.09260830093105399,0.5600872638277266,0.999347045380346,0.5172413793103449
GSM,262,2,Vodafone,4747,36640,48.16783952567471,11.493563621265936,6983,-82,2025-01-07 21:43:52,True,2G,Germany,Munich Metropolitan,0.5557919025279393,0.38881498711489454,0.6726520840134944,0.10344827586206896
LTE,262,7,O2,3504,22642,48.16648386321258,11.410308794649787,7866,-82,2025-03-16 17:45:22,True,4G,Germany,Bavaria Region,0.551234834384127,0.22149676970819476,0.7687452388725651,0.10344827586206896
LTE,262,7,O2,2864,20413,48.26787060729264,11.643700523840856,2423,-84,2025-04-16 16:48:01,True,4G,Germany,Munich Metropolitan,0.8920470310467501,0.6905469097770931,0.1764065730765045,0.034482758620689655
LTE,262,2,Vodafone,4222,40861,48.088910467019154,11.437222642751411,4446,-60,2024-12-07 01:23:03,True,4G,Germany,Bavaria Region,0.29047136082409514,0.2755858510377454,0.3965611056698226,0.8620689655172413
LTE,262,2,Vodafone,1096,34476,48.0347264218413,11.372579807083214,9573,-61,2025-04-28 22:41:04,True,4G,Germany,Bavaria Region,0.10833134213932119,0.14567237368484373,0.9545108281641093,0.8275862068965517
LTE,262,2,Vodafone,3095,47452,48.22286009271544,11.743002147689314,5649,-63,2025-08-08 01:49:14,True,4G,Germany,Bavaria Region,0.7407438948709183,0.890114566851423,0.5274785069104364,0.7586206896551724
LTE,262,2,Vodafone,4637,15835,48.278477693423795,11.4568575119465,3965,-82,2025-09-25 21:11:41,True,4G,Germany,Bavaria Region,0.9277028197531396,0.3150462816970143,0.34421591032756554,0.10344827586206896
NR,262,7,O2,1715,39658,48.052893171482495,11.728215456033237,2947,-85,2025-04-14 14:11:58,True,5G,Germany,Bavaria Region,0.16939898868043599,0.8603975763801769,0.23343127652628143,0.0
GSM,262,2,Vodafone,1990,36933,48.1645554223707,11.711605554489688,3798,-62,2025-03-10 14:17:41,True,2G,Germany,Munich Metropolitan,0.5447523680082865,0.8270164592663234,0.32604200674719774,0.7931034482758621
NR,262,7,O2,2898,10230,48.251815755584204,11.320629613380596,7075,-69,2025-03-24 12:19:01,True,5G,Germany,Bavaria Region,0.838078543080268,0.04126745018016017,0.682664054848188,0.5517241379310345
UMTS,262,1,Telekom,3057,16811,48.26146430218377,11.673183642905533,7550,-68,2024-11-24 23:04:04,True,3G,Germany,Bavaria Region,0.8705121949450747,0.7497994855855249,0.7343562955707912,0.5862068965517241
LTE,262,2,Vodafone,3474,30595,48.09215337411673,11.538368043146926,6144,-83,2025-04-11 18:32:15,True,4G,Germany,Munich Metropolitan,0.3013724140290746,0.47885896781559717,0.581347263031886,0.06896551724137931
UMTS,262,1,Telekom,4564,32619,48.21083581727017,11.419928817685864,7462,-78,2025-02-01 03:35:49,True,3G,Germany,Bavaria Region,0.7003242151094026,0.24083024466970177,0.7247796278158668,0.2413793103448276
LTE,262,7,O2,4475,17445,48.26528511578889,11.381966744137918,7713,-70,2025-08-25 15:24:58,True,4G,Germany,Bavaria Region,0.8833558846168957,0.1645374129713129,0.7520948960713897,0.5172413793103449
NR,262,1,Telekom,3402,31499,48.27009214124074,11.39988902530623,7914,-83,2025-03-16 16:09:04,True,5G,Germany,Bavaria Region,0.8995147317967906,0.20055603505996863,0.7739688758297965,0.06896551724137931
LTE,262,2,Vodafone,1478,33801,48.100003749788854,11.427485415233317,7587,-68,2025-08-06 19:16:20,True,4G,Germany,Bavaria Region,0.3277615026788858,0.2560168288317104,0.7383828490586571,0.5862068965517241
UMTS,262,1,Telekom,1769,43898,48.267192986146206,11.626752386844231,4435,-78,2024-12-30 10:49:13,True,3G,Germany,Munich Metropolitan,0.8897692031756839,0.6564860368415925,0.3953640222004571,0.2413793103448276
LTE,262,7,O2,1007,26873,48.154808501353344,11.303579880086797,8340,-61,2025-03-20 10:35:58,True,4G,Germany,Bavaria Region,0.5119880299011491,0.007002397955251094,0.8203286538252258,0.8275862068965517
UMTS,262,7,O2,1673,34914,48.01313813995752,11.782070957250498,5728,-72,2025-03-18 14:37:21,True,3G,Germany,Bavaria Region,0.03576219281174696,0.9686316191073603,0.5360757427358799,0.4482758620689655
LTE,262,7,O2,1267,42262,48.21599578274377,11.663168616151623,9390,-72,2025-01-31 01:35:23,True,4G,Germany,Munich Metropolitan,0.7176694724575475,0.7296721669440418,0.9345957122646643,0.4482758620689655
GSM,262,1,Telekom,2472,41786,48.2474091547165,11.519122135179844,2970,-75,2024-10-29 19:43:29,True,2G,Germany,Munich Metropolitan,0.823265725732554,0.4401802371724779,0.23593426923495484,0.3448275862068966
GSM,262,1,Telekom,1933,15320,48.03551231896038,11.475738274956466,7368,-77,2024-10-15 17:38:02,True,2G,Germany,Munich Metropolitan,0.11097314039346913,0.352991176167469,0.7145500054412885,0.27586206896551724
LTE,262,1,Telekom,3658,26038,48.108451129464996,11.54787773132109,3134,-64,2025-02-16 16:26:06,True,4G,Germany,Munich City Center,0.3561574241535455,0.49797070148997963,0.2537816955054957,0.7241379310344828
GSM,262,7,O2,2767,49629,48.11066687408856,11.608057095037163,8570,-78,2025-10-02 20:19:28,True,2G,Germany,Munich City Center,0.363605664051686,0.6189138860583251,0.8453585809119599,0.2413793103448276
GSM,262,7,O2,1627,27918,48.15323679478503,11.418009169121552,7168,-59,2025-04-19 06:35:12,True,2G,Germany,Bavaria Region,0.5067047280956098,0.2369723040687446,0.692784851452824,0.896551724137931
LTE,262,7,O2,4323,11123,48.27432325591542,11.356429256267035,3677,-78,2024-11-23 03:01:33,True,4G,Germany,Bavaria Region,0.9137376511704591,0.11321441920301496,0.31287408858417676,0.2413793103448276
LTE,262,7,O2,2322,13073,48.07758476499052,11.3210767117277,5835,-79,2025-05-19 17:15:49,True,4G,Germany,Bavaria Region,0.2523999401255733,0.04216598905752574,0.5477201001197084,0.20689655172413793
GSM,262,2,Vodafone,3196,45958,48.0484323236672,11.390076950172698,7344,-71,2025-06-01 21:07:45,True,2G,Germany,Bavaria Region,0.15440381986716578,0.18083659070904332,0.7119381869626727,0.4827586206896552
LTE,262,2,Vodafone,1046,30602,48.15834942311842,11.44197478126083,6422,-76,2025-01-28 06:09:10,True,4G,Germany,Munich Metropolitan,0.5238908613404761,0.2851362804432577,0.6116008270758516,0.3103448275862069
GSM,262,2,Vodafone,2453,14391,48.246381208924795,11.546624633333538,5345,-80,2025-06-04 01:45:56,True,2G,Germany,Munich Metropolitan,0.819810279298211,0.4954523355280892,0.4943954728479704,0.1724137931034483
UMTS,262,7,O2,2661,20641,48.15641173654625,11.610182431743526,2574,-59,2025-02-16 09:41:58,True,3G,Germany,Munich City Center,0.5173773153823802,0.623185200570063,0.1928392643377952,0.896551724137931
NR,262,7,O2,4707,16612,48.05903509270928,11.54890785291344,6259,-75,2024-10-08 15:15:02,True,5G,Germany,Munich Metropolitan,0.19004509665068833,0.5000409491326611,0.593862226575253,0.3448275862068966
LTE,262,2,Vodafone,4598,19503,48.05190481222072,11.618763169018509,3697,-60,2025-07-14 21:29:55,True,4G,Germany,Munich Metropolitan,0.16607661262275808,0.6404300105497264,0.3150506039830232,0.8620689655172413
LTE,262,1,Telekom,2729,47749,48.088516479928266,11.585540321296577,7821,-59,2024-11-24 06:49:39,True,4G,Germany,Munich City Center,0.28914697066717066,0.5736616574830993,0.7638480792251605,0.896551724137931
LTE,262,2,Vodafone,4093,15656,48.03673403968313,11.762087532814308,7435,-76,2025-07-12 12:22:26,True,4G,Germany,Bavaria Region,0.11507996251314474,0.9284706928254436,0.7218413320274241,0.3103448275862069
GSM,262,7,O2,1228,13984,48.028249015571916,11.374441179655978,2913,-80,2025-04-22 12:48:50,True,2G,Germany,Bavaria Region,0.08655749902624851,0.14941319633096428,0.22973120034824246,0.1724137931034483
UMTS,262,2,Vodafone,2772,33015,48.12084877901217,11.301316681264943,7450,-64,2024-10-15 12:21:56,True,3G,Germany,Bavaria Region,0.3978322033760578,0.0024540203067636855,0.723473718576559,0.7241379310344828
LTE,262,2,Vodafone,3349,26163,48.18822709189738,11.79767935395065,7195,-79,2025-03-05 14:18:15,True,4G,Germany,Bavaria Region,0.6243248383865647,1.0,0.6957231472412667,0.20689655172413793
LTE,262,2,Vodafone,1970,44129,48.21529595461505,11.746171964723926,7989,-74,2024-11-07 15:33:53,True,4G,Germany,Bavaria Region,0.7153169956717669,0.8964849859285293,0.7821308085754707,0.3793103448275862
UMTS,262,1,Telekom,2218,39862,48.19317338697405,11.300590902053656,9073,-84,2025-01-20 18:38:43,True,3G,Germany,Bavaria Region,0.6409518413120211,0.0009954131749127435,0.9000979431929481,0.034482758620689655
UMTS,262,1,Telekom,2333,16637,48.284727262693266,11.539672335478832,3549,-63,2025-08-13 03:44:07,True,3G,Germany,Bavaria Region,0.9487107873158578,0.48148021966154514,0.2989443900315595,0.7586206896551724
UMTS,262,1,Telekom,2500,16722,48.09165881429123,11.661539770996095,4687,-78,2025-05-01 09:50:50,True,3G,Germany,Munich Metropolitan,0.29970994797359246,0.7263986574199511,0.4227881162259223,0.2413793103448276
UMTS,262,7,O2,1787,10738,48.03905177978631,11.626870380694477,9031,-64,2025-08-15 05:21:28,True,3G,Germany,Munich Metropolitan,0.12287106087639912,0.6567231704888601,0.8955272608553706,0.7241379310344828
UMTS,262,7,O2,3511,33567,48.213604875710104,11.570957196861446,8879,-71,2025-05-24 03:43:57,True,3G,Germany,Munich Metropolitan,0.7096324229837451,0.5443537784822099,0.8789857438241375,0.4827586206896552
NR,262,7,O2,1505,45767,48.01293609612442,11.754330683712565,8280,-83,2025-02-20 05:16:09,True,5G,Germany,Bavaria Region,0.0350830211586348,0.9128816607278796,0.8137991076286865,0.06896551724137931
UMTS,262,2,Vodafone,4972,17944,48.09774234370664,11.697232684081404,3746,-79,2024-11-04 05:39:12,True,3G,Germany,Munich Metropolitan,0.3201597714918552,0.7981311302893116,0.32038306671019695,0.20689655172413793
LTE,262,7,O2,2749,31060,48.26688753575897,11.795912824797867,8100,-74,2024-12-27 13:12:07,True,4G,Germany,Bavaria Region,0.8887424297213186,0.9964497853054995,0.7942104690390684,0.3793103448275862
UMTS,262,1,Telekom,4193,32076,48.26407891138964,11.351034528604657,9508,-56,2025-02-21 03:33:11,True,3G,Germany,Bavaria Region,0.8793012207191295,0.10237257071745823,0.9474371531178583,1.0
LTE,262,1,Telekom,3324,10902,48.02607151001746,11.302680240316471,8221,-83,2025-02-27 04:13:26,True,4G,Germany,Bavaria Region,0.07923780000648949,0.005194381185567193,0.8073783872020894,0.06896551724137931
NR,262,7,O2,3008,29360,48.0235272393718,11.572225410363876,5751,-69,2025-07-21 11:48:14,True,5G,Germany,Munich Metropolitan,0.07068521775800615,0.5469025222745183,0.5385787354445533,0.5517241379310345
GSM,262,1,Telekom,3926,35292,48.05409554091142,11.331276018402352,3328,-81,2024-10-14 09:37:34,True,2G,Germany,Bavaria Region,0.17344076130061184,0.0626636572522486,0.2748938948743062,0.13793103448275862
LTE,262,1,Telekom,3006,11096,48.27667952277696,11.490854382121098,7098,-64,2024-11-17 12:03:43,True,4G,Germany,Bavaria Region,0.9216582574813842,0.3833701969127264,0.6851670475568614,0.7241379310344828
LTE,262,2,Vodafone,1121,30247,48.25628090428158,11.44204059078086,4388,-69,2025-02-25 02:17:02,True,4G,Germany,Bavaria Region,0.8530881693365049,0.28526853862007673,0.3902492110131679,0.5517241379310345
LTE,262,1,Telekom,3863,13456,48.02805954238723,11.79121612082963,4710,-60,2025-09-16 04:48:06,True,4G,Germany,Bavaria Region,0.08592058368917493,0.9870107633581517,0.4252911089345957,0.8620689655172413
LTE,262,7,O2,2135,18176,48.24676792761763,11.45017710662429,3292,-71,2025-07-12 15:11:15,True,4G,Germany,Bavaria Region,0.8211102366880287,0.3016205914938508,0.2709761671563826,0.4827586206896552
LTE,262,1,Telekom,2321,12232,48.01525820460086,11.387724522889176,4422,-60,2024-11-24 13:05:44,True,4G,Germany,Bavaria Region,0.04288880383689061,0.17610888955758222,0.39394928719120686,0.8620689655172413
LTE,262,7,O2,2027,21395,48.13424004036186,11.346634694227838,4712,-58,2024-12-22 13:30:09,True,4G,Germany,Bavaria Region,0.4428470151059481,0.09353017112652154,0.42550876047448033,0.9310344827586207
LTE,262,7,O2,2194,29460,48.03572318026847,11.379061752149813,5228,-63,2025-10-01 16:54:13,True,4G,Germany,Bavaria Region,0.1116819520458562,0.1586992159467552,0.4816628577647187,0.7586206896551724
NR,262,2,Vodafone,1021,49134,48.09094801014776,11.684784685732588,9839,-80,2025-07-17 09:04:02,True,5G,Germany,Munich Metropolitan,0.29732057524316613,0.7731142396337306,0.983458482968767,0.1724137931034483
LTE,262,2,Vodafone,1293,32647,48.110236894026826,11.325165779620004,5252,-59,2025-01-22 15:23:06,True,4G,Germany,Bavaria Region,0.3621602832902305,0.050383837540348995,0.4842746762433344,0.896551724137931
NR,262,7,O2,4089,18255,48.00371133357864,11.543156277891452,4531,-56,2025-04-23 17:39:00,True,5G,Germany,Munich Metropolitan,0.004073922134459987,0.4884819402550526,0.40581129611492,1.0
NR,262,1,Telekom,1010,17760,48.233913508544035,11.434281175656256,8969,-73,2024-12-25 15:50:06,True,5G,Germany,Bavaria Region,0.7779000237450512,0.2696743495557835,0.8887800631189465,0.41379310344827586
NR,262,2,Vodafone,3051,44403,48.160660927098206,11.435377704593991,8943,-84,2025-03-28 19:39:14,True,5G,Germany,Munich Metropolitan,0.5316609969345544,0.27187805683203026,0.8859505931004462,0.034482758620689655
LTE,262,7,O2,3172,35506,48.168009809729874,11.420233790179617,6123,-80,2025-10-03 13:15:59,True,4G,Germany,Bavaria Region,0.5563643134818985,0.24144315152551785,0.5790619218630971,0.1724137931034483
NR,262,1,Telekom,4329,11122,48.12295177413673,11.776278635997672,6915,-80,2025-04-26 00:47:48,True,5G,Germany,Bavaria Region,0.4049014351032932,0.9569907220439594,0.6652519316574165,0.1724137931034483
LTE,262,1,Telekom,1848,31991,48.163257009618256,11.3335898755626,8345,-70,2025-05-09 10:47:27,True,4G,Germany,Bavaria Region,0.5403877451342691,0.0673138435672276,0.8208727826749375,0.5172413793103449
GSM,262,2,Vodafone,1648,27979,48.135913724363064,11.46021340763152,8690,-73,2025-06-04 06:05:08,True,2G,Germany,Munich Metropolitan,0.4484731147124123,0.32179066525580763,0.8584176733050386,0.41379310344827586
LTE,262,2,Vodafone,2727,39089,48.03751907904057,11.39742178845242,5649,-83,2025-04-13 22:43:09,True,4G,Germany,Bavaria Region,0.1177188773959819,0.19559759974662647,0.5274785069104364,0.06896551724137931
LTE,262,7,O2,3956,27814,48.02031316243627,11.578960281921697,5822,-81,2024-12-10 10:55:00,True,4G,Germany,Munich Metropolitan,0.05988107732937832,0.560437673920599,0.5463053651104581,0.13793103448275862
LTE,262,1,Telekom,2941,23172,48.04275073895094,11.45589421700986,4327,-80,2025-09-30 22:29:06,True,4G,Germany,Bavaria Region,0.13530513605754374,0.3131103363808494,0.38361083904668625,0.1724137931034483
LTE,262,7,O2,2568,42338,48.119636209048636,11.663799231619691,7229,-65,2025-08-15 17:43:24,True,4G,Germany,Munich Metropolitan,0.39375614159274364,0.7309395223668428,0.6994232234193057,0.6896551724137931
LTE,262,7,O2,4772,10050,48.011701758423705,11.312382783062247,6315,-82,2025-03-12 13:51:32,True,4G,Germany,Bavaria Region,0.03093378698585034,0.024693696991248876,0.5999564696920231,0.10344827586206896
UMTS,262,2,Vodafone,4845,40748,48.07084138310282,11.73895558247395,6090,-64,2024-12-24 08:01:31,True,3G,Germany,Bavaria Region,0.22973201824943787,0.8819821365050581,0.5754706714550005,0.7241379310344828
NR,262,7,O2,4676,25690,48.04130729105464,11.382921810081866,2101,-85,2025-10-02 09:12:01,True,5G,Germany,Bavaria Region,0.13045297660840072,0.16645682038277806,0.14136467515507672,0.0
LTE,262,1,Telekom,1381,44684,48.29289659854513,11.34900265046547,9831,-80,2024-12-07 14:10:22,True,4G,Germany,Bavaria Region,0.9761720626749779,0.09828908100215526,0.9825878768092284,0.1724137931034483
LTE,262,7,O2,2383,27270,48.12697549929553,11.357147005561675,7130,-63,2025-08-06 00:58:47,True,4G,Germany,Bavaria Region,0.4184272132765735,0.11465688851566926,0.6886494721950158,0.7586206896551724
NR,262,1,Telekom,3016,11020,48.15184160651714,11.351460534202593,8857,-83,2025-01-25 03:26:00,True,5G,Germany,Bavaria Region,0.502014793699819,0.10322871924540453,0.8765915768854065,0.06896551724137931
LTE,262,1,Telekom,1224,19681,48.22531175774861,11.40226198279358,9526,-56,2025-09-13 22:03:56,True,4G,Germany,Bavaria Region,0.7489851827534201,0.2053249960067702,0.9493960169768201,1.0
NR,262,1,Telekom,2425,42960,48.058402941481766,11.7148468003502,4448,-85,2025-04-08 17:46:52,True,5G,Germany,Bavaria Region,0.18792011620648216,0.8335304297062359,0.39677875720970723,0.0
NR,262,2,Vodafone,2546,11767,48.019075089496994,11.559067664331138,8288,-84,2025-01-23 00:10:54,True,5G,Germany,Munich Metropolitan,0.055719287127998465,0.5204592432387218,0.8146697137882251,0.034482758620689655
GSM,262,7,O2,2262,34500,48.243364099078796,11.462783562786507,9950,-82,2024-11-22 21:44:54,True,2G,Germany,Bavaria Region,0.8096682450163405,0.326955936705761,0.9955381434323648,0.10344827586206896
UMTS,262,7,O2,2911,11354,48.25806756094746,11.733581212657146,4752,-64,2025-03-01 14:06:33,True,3G,Germany,Bavaria Region,0.8590940272867217,0.8711812014244046,0.4298617912721733,0.7241379310344828
NR,262,7,O2,2707,16075,48.2782462552389,11.414802282521022,8336,-58,2025-08-10 17:20:52,True,5G,Germany,Bavaria Region,0.9269248387961393,0.23052738584316165,0.8198933507454566,0.9310344827586207
UMTS,262,2,Vodafone,4941,34553,48.2738325906916,11.697063074039184,6482,-74,2025-01-31 03:48:37,True,3G,Germany,Bavaria Region,0.9120882768437263,0.7977902629657928,0.618130373272391,0.3793103448275862
LTE,262,7,O2,4132,18214,48.126970951447674,11.590588622268168,9352,-67,2025-04-23 04:02:15,True,4G,Germany,Munich City Center,0.4184119256565524,0.5838072881189488,0.930460333006856,0.6206896551724138
LTE,262,2,Vodafone,1321,16873,48.10094214359018,11.343734427516353,5028,-57,2025-08-02 21:22:47,True,4G,Germany,Bavaria Region,0.3309159195177613,0.08770147054670951,0.4598977037762542,0.9655172413793104
LTE,262,2,Vodafone,1932,45470,48.21039129931228,11.347735453873774,6238,-69,2024-11-03 13:25:08,True,4G,Germany,Bavaria Region,0.698829965115867,0.09574238090746888,0.5915768854064642,0.5517241379310345
LTE,262,2,Vodafone,1525,47808,48.16694066028183,11.540774583466906,6820,-57,2025-06-05 13:55:28,True,4G,Germany,Munich Metropolitan,0.5527703606900003,0.4836954205814266,0.6549134835128958,0.9655172413793104
UMTS,262,2,Vodafone,3165,43672,48.10601070814506,11.591837535506123,8368,-73,2025-03-25 09:26:22,True,3G,Germany,Munich City Center,0.3479539320858462,0.5863172439396929,0.8233757753836108,0.41379310344827586
LTE,262,2,Vodafone,1258,49800,48.04180177631277,11.376396096043752,5844,-75,2025-02-23 20:43:33,True,4G,Germany,Bavaria Region,0.1321151920051707,0.1533420150971073,0.5486995320491892,0.3448275862068966
LTE,262,1,Telekom,1399,21518,48.25871401020578,11.406685598938946,6313,-77,2024-12-04 10:48:07,True,4G,Germany,Bavaria Region,0.8612670706540545,0.21421519010142337,0.5997388181521385,0.27586206896551724
GSM,262,1,Telekom,1622,32782,48.19440261559117,11.544998736650511,5661,-74,2025-02-17 23:52:22,True,2G,Germany,Munich Metropolitan,0.6450839012672207,0.49218475158432784,0.5287844161497443,0.3793103448275862
GSM,262,2,Vodafone,1508,20364,48.22272344085764,11.438251759958746,2679,-71,2025-08-16 10:50:00,True,2G,Germany,Bavaria Region,0.7402845387661556,0.27765408015589194,0.20426597018173903,0.4827586206896552
LTE,262,1,Telekom,1285,24183,48.19252724443128,11.733306122578913,6277,-70,2025-06-20 05:29:51,True,4G,Germany,Bavaria Region,0.6387798289709918,0.8706283496152423,0.5958210904342148,0.5172413793103449
GSM,262,2,Vodafone,1175,21144,48.237623520403965,11.642988746456826,8993,-61,2025-06-26 01:41:42,True,2G,Germany,Munich Metropolitan,0.7903712526330066,0.6891164422843749,0.8913918815975623,0.8275862068965517
NR,262,1,Telekom,1877,35498,48.242191036893416,11.66487210501743,4213,-84,2025-08-18 04:11:16,True,5G,Germany,Munich Metropolitan,0.8057249888850901,0.733095688822397,0.3712047012732615,0.034482758620689655
UMTS,262,2,Vodafone,4347,32180,48.131852431768316,11.575707516796436,7206,-82,2024-10-29 22:44:14,True,3G,Germany,Munich City Center,0.43482105335996557,0.5539005530770161,0.6969202307106322,0.10344827586206896
NR,262,1,Telekom,4123,40114,48.07241950047305,11.352365221667974,7239,-83,2025-06-20 16:59:16,True,5G,Germany,Bavaria Region,0.23503687000714893,0.10504688042800614,0.700511481118729,0.06896551724137931
NR,262,7,O2,2654,11460,48.137364629809824,11.584356741371304,8039,-70,2025-09-28 20:00:18,True,5G,Germany,Munich City Center,0.4533503427657106,0.5712830027995922,0.7875720970725868,0.5172413793103449
LTE,262,1,Telekom,1873,34776,48.139056492280204,11.72190958792596,5082,-77,2025-08-13 15:50:00,True,4G,Germany,Munich Metropolitan,0.4590375494140087,0.8477245980821653,0.46577429535313963,0.27586206896551724
NR,262,7,O2,3314,12863,48.25637020392411,11.590075936007189,9331,-82,2025-09-27 09:18:28,True,5G,Germany,Munich Metropolitan,0.8533883506630312,0.582776936429293,0.9281749918380673,0.10344827586206896
NR,262,2,Vodafone,1022,19991,48.132198882879734,11.500941810066198,7595,-83,2025-08-08 13:22:26,True,5G,Germany,Munich Metropolitan,0.4359856510141285,0.40364302109113015,0.7392534552181956,0.06896551724137931
LTE,262,1,Telekom,1850,23212,48.171624954332245,11.629252828173758,9909,-83,2024-11-10 10:32:58,True,4G,Germany,Munich Metropolitan,0.5685166454693431,0.661511203585563,0.9910762868647296,0.06896551724137931
UMTS,262,7,O2,2396,11231,48.1421389527806,11.51912219755645,8348,-67,2025-01-22 17:20:53,True,3G,Germany,Munich Metropolitan,0.46939926034374835,0.44018036253148846,0.8211992599847644,0.6206896551724138
UMTS,262,1,Telekom,2962,43903,48.27776158111466,11.363348073977786,6067,-67,2025-06-13 13:34:08,True,3G,Germany,Bavaria Region,0.9252956035894494,0.12711924962518598,0.5729676787463271,0.6206896551724138
UMTS,262,1,Telekom,3917,37890,48.01192007942923,11.612545754697395,9991,-59,2025-07-07 07:01:11,True,3G,Germany,Munich Metropolitan,0.03166767445946619,0.6279347988800903,1.0,0.896551724137931
LTE,262,7,O2,2389,35563,48.2206015461206,11.596500864492704,2531,-70,2024-12-10 05:31:28,True,4G,Germany,Munich Metropolitan,0.7331517758691855,0.5956891917885923,0.18815975623027534,0.5172413793103449
GSM,262,2,Vodafone,3040,45823,48.26124143350481,11.441942518626337,9917,-56,2025-03-19 15:13:00,True,2G,Germany,Bavaria Region,0.8697630204377653,0.28507144184216276,0.9919468930242682,1.0
NR,262,7,O2,1510,48693,48.19069817912292,11.647555513975812,4083,-62,2025-04-26 01:01:59,True,5G,Germany,Munich Metropolitan,0.6326314140944808,0.6982943294008834,0.3570573511807596,0.7931034482758621
UMTS,262,1,Telekom,1478,30549,48.1414897195115,11.43149830232414,8567,-68,2025-08-08 04:01:49,True,3G,Germany,Bavaria Region,0.46721685850614675,0.2640815758497611,0.845032103602133,0.5862068965517241
LTE,262,2,Vodafone,4566,28293,48.08296222666699,11.667277864847255,6284,-60,2024-11-20 13:36:44,True,4G,Germany,Munich Metropolitan,0.2704763123678943,0.7379305730278602,0.5965828708238111,0.8620689655172413
LTE,262,7,O2,2927,29522,48.196531769240984,11.501792773679437,6878,-83,2025-01-11 20:18:35,True,4G,Germany,Munich Metropolitan,0.6522410650464553,0.40535321280772013,0.6612253781695505,0.06896551724137931
UMTS,262,1,Telekom,3639,32065,48.23072812289095,11.406447093679738,3448,-85,2024-11-01 08:25:05,True,3G,Germany,Bavaria Region,0.7671923292481503,0.21373586323912827,0.28795298726738494,0.0
UMTS,262,2,Vodafone,1577,37017,48.18759825869117,11.503587119649696,2372,-61,2025-04-10 04:58:46,True,3G,Germany,Munich Metropolitan,0.6222110114924396,0.40895933129186324,0.17085645880944608,0.8275862068965517
LTE,262,2,Vodafone,2840,46727,48.04852998081759,11.773740749067061,8827,-69,2025-09-15 12:14:52,True,4G,Germany,Bavaria Region,0.15473209501049578,0.9518903004291577,0.8733268037871368,0.5517241379310345
LTE,262,7,O2,1242,11447,48.05798439472318,11.589223353307817,3369,-75,2024-11-01 04:36:49,True,4G,Germany,Munich Metropolitan,0.18651316856756897,0.5810634908160033,0.27935575144194147,0.3448275862068966
NR,262,2,Vodafone,1201,37770,48.1251519771229,11.670192575378172,9276,-61,2024-10-06 19:42:10,True,5G,Germany,Munich Metropolitan,0.41229743168670235,0.7437883015237462,0.9221895744912395,0.8275862068965517
LTE,262,2,Vodafone,3332,18020,48.13658723264994,11.748964054798508,9093,-81,2024-11-20 17:11:57,True,4G,Germany,Bavaria Region,0.450737117179425,0.9020962826317449,0.9022744585917946,0.13793103448275862
NR,262,1,Telekom,3633,45005,48.138005753714616,11.40060994471707,8711,-81,2025-03-04 13:14:42,True,5G,Germany,Bavaria Region,0.45550548492268295,0.20200487539293582,0.8607030144738274,0.13793103448275862
UMTS,262,1,Telekom,4753,30266,48.158258775516316,11.394081208277896,9252,-57,2025-04-03 10:30:22,True,3G,Germany,Bavaria Region,0.5235861488390868,0.18888399595182906,0.9195777560126238,0.9655172413793104
UMTS,262,2,Vodafone,1340,29277,48.28122342959293,11.67444600068174,5349,-70,2025-02-25 15:29:01,True,3G,Germany,Bavaria Region,0.936932629663189,0.7523364610550473,0.49483077592773966,0.5172413793103449
LTE,262,7,O2,3923,44560,48.165502824241386,11.768352653790744,4811,-66,2025-05-28 10:13:12,True,4G,Germany,Bavaria Region,0.5479370655306472,0.941061781128922,0.43628251169877025,0.6551724137931034
LTE,262,2,Vodafone,3687,13210,48.23616321441139,11.73362909171939,4213,-58,2025-05-10 12:21:13,True,4G,Germany,Bavaria Region,0.7854624245840905,0.8712774245464906,0.3712047012732615,0.9310344827586207
LTE,262,1,Telekom,1205,26300,48.045107249321596,11.472258342783627,7104,-70,2025-02-10 13:32:15,True,4G,Germany,Munich Metropolitan,0.1432265609259298,0.3459975150006498,0.6858200021765154,0.5172413793103449
LTE,262,2,Vodafone,2066,34987,48.21715864882948,11.704644512852736,8640,-61,2025-04-29 06:24:45,True,4G,Germany,Munich Metropolitan,0.7215784543337553,0.8130267709163784,0.8529763848079225,0.8275862068965517
UMTS,262,7,O2,4677,46922,48.198943525796565,11.366776544113533,5221,-65,2025-03-16 18:10:16,True,3G,Germany,Bavaria Region,0.6603482003231737,0.1340094869226591,0.48090107737512244,0.6896551724137931
UMTS,262,1,Telekom,2750,31438,48.07865536195812,11.764836908020737,3249,-68,2024-10-04 12:40:08,True,3G,Germany,Bavaria Region,0.2559987587638393,0.9339961449489925,0.2662966590488628,0.5862068965517241
UMTS,262,7,O2,4545,36766,48.13839017880175,11.447370846627,7794,-74,2024-11-01 09:34:45,True,3G,Germany,Munich Metropolitan,0.4567977323420778,0.2959808173280721,0.7609097834367178,0.3793103448275862
UMTS,262,2,Vodafone,4653,24224,48.01065070606865,11.542889311052846,3022,-59,2025-03-10 06:00:57,True,3G,Germany,Munich Metropolitan,0.027400667689210526,0.48794541381739487,0.2415932092719556,0.896551724137931
UMTS,262,1,Telekom,3784,26630,48.132396158404674,11.32305485507093,4956,-67,2025-01-31 03:54:30,True,3G,Germany,Bavaria Region,0.4366487939684914,0.04614148731290217,0.45206224834040704,0.6206896551724138
LTE,262,2,Vodafone,3859,41557,48.22417432381008,11.764763354591656,3400,-82,2025-03-21 13:30:14,True,4G,Germany,Bavaria Region,0.745161691204654,0.9338483237458485,0.28272935031015345,0.10344827586206896
LTE,262,2,Vodafone,1457,32708,48.27354016116748,11.381777685997951,6006,-64,2025-01-27 23:21:14,True,4G,Germany,Bavaria Region,0.9111052731050501,0.16415746057394326,0.5663293067798455,0.7241379310344828
NR,262,1,Telekom,3747,41554,48.10073293321494,11.676729806539495,6281,-69,2025-09-26 21:47:55,True,5G,Germany,Munich Metropolitan,0.33021265748684453,0.7569262529092083,0.5962563935139841,0.5517241379310345
UMTS,262,1,Telekom,2075,42319,48.283237925586974,11.530575675535815,6661,-65,2025-08-24 01:46:04,True,3G,Germany,Bavaria Region,0.9437043709902102,0.4631985537463908,0.6376101860920667,0.6896551724137931
NR,262,1,Telekom,1581,29372,48.16734669589096,11.691101675276983,6503,-62,2025-01-23 22:08:25,True,5G,Germany,Munich Metropolitan,0.5541352520190096,0.7858095688164819,0.6204157144411797,0.7931034482758621
LTE,262,2,Vodafone,4608,43632,48.18711144015434,11.540769735007496,3681,-70,2024-11-11 00:06:39,True,4G,Germany,Munich Metropolitan,0.6205745678289422,0.4836856765747592,0.313309391663946,0.5172413793103449
UMTS,262,2,Vodafone,3007,14464,48.258064237260484,11.606230585215581,2115,-77,2025-08-19 11:21:55,True,3G,Germany,Munich Metropolitan,0.8590828546914343,0.6152431274988015,0.14288823593426925,0.27586206896551724
LTE,262,1,Telekom,2872,17866,48.20302100216336,11.351223617035433,3966,-71,2025-09-23 19:25:13,True,4G,Germany,Bavaria Region,0.6740546635301394,0.10275258399062953,0.3443247360975079,0.4827586206896552
LTE,262,1,Telekom,1556,41160,48.05040342492709,11.478955154890144,7103,-72,2025-09-25 21:59:48,True,4G,Germany,Munich Metropolitan,0.1610296895143576,0.3594561781137944,0.6857111764065731,0.4482758620689655
LTE,262,2,Vodafone,2556,17254,48.03206455849682,11.634125467078668,3249,-68,2025-06-24 05:04:19,True,4G,Germany,Munich Metropolitan,0.09938347127238649,0.6713038040721988,0.2662966590488628,0.5862068965517241
UMTS,262,7,O2,4191,21184,48.19361020625997,11.418087916060685,3556,-76,2025-06-30 19:50:08,True,3G,Germany,Bavaria Region,0.6424202121698533,0.23713056273094466,0.2997061704211557,0.3103448275862069
GSM,262,2,Vodafone,3983,17913,48.092181701253715,11.441563243445861,8432,-82,2024-10-24 23:16:33,True,2G,Germany,Munich Metropolitan,0.3014676358834666,0.2843092079911876,0.8303406246599194,0.10344827586206896
LTE,262,1,Telekom,4900,43109,48.288165857100275,11.629759454759334,4009,-75,2025-06-05 14:11:02,True,4G,Germany,Bavaria Region,0.9602696446785005,0.6625293770733326,0.34900424420502774,0.3448275862068966
LTE,262,7,O2,4751,30974,48.24083419348954,11.659420401117414,4633,-69,2025-06-21 20:59:06,True,4G,Germany,Munich Metropolitan,0.8011639509979579,0.7221393345129286,0.4169115246490369,0.5517241379310345
NR,262,7,O2,2983,24848,48.00448820626127,11.304114543413586,6489,-79,2025-01-13 00:11:52,True,5G,Germany,Bavaria Region,0.006685384687046848,0.008076917216020683,0.6188921536619871,0.20689655172413793
LTE,262,7,O2,1577,33434,48.2674140614689,11.408650899720579,6571,-85,2025-05-11 20:40:37,True,4G,Germany,Bavaria Region,0.8905123493042845,0.21816487850768077,0.6278158667972575,0.0
LTE,262,2,Vodafone,2561,16941,48.022417750857315,11.743298225536682,6792,-83,2025-09-21 10:40:00,True,4G,Germany,Bavaria Region,0.0669556649330758,0.8907095980303799,0.6518663619545109,0.06896551724137931
GSM,262,2,Vodafone,4592,11884,48.244924139468814,11.543026040041287,7156,-80,2024-11-09 13:04:09,True,2G,Germany,Munich Metropolitan,0.8149123308880061,0.4882201996952057,0.6914789422135161,0.1724137931034483
LTE,262,1,Telekom,4704,17732,48.295451242773865,11.726504170717584,7205,-82,2025-03-14 12:58:42,True,4G,Germany,Bavaria Region,0.9847595157901512,0.8569583858836388,0.6968114049406899,0.10344827586206896
LTE,262,1,Telekom,1976,35949,48.05814660465665,11.660292337969722,9799,-78,2024-12-23 02:56:01,True,4G,Germany,Munich Metropolitan,0.1870584383091745,0.7238916763980662,0.9791054521710741,0.2413793103448276
LTE,262,7,O2,4466,16597,48.24355800041322,11.602834925760801,6076,-68,2025-05-23 23:53:31,True,4G,Germany,Munich Metropolitan,0.8103200456074482,0.6084188302179545,0.5739471106758081,0.5862068965517241
NR,262,7,O2,4473,16434,48.17204262516299,11.712784854434217,2329,-72,2025-03-06 20:54:31,True,5G,Germany,Munich Metropolitan,0.5699206486711313,0.8293865124215123,0.16617695070192623,0.4482758620689655
LTE,262,2,Vodafone,2007,22470,48.249273364102955,11.578608811239064,8824,-69,2025-04-24 15:45:08,True,4G,Germany,Munich Metropolitan,0.8295322776551092,0.559731319100356,0.8730003264773099,0.5517241379310345
LTE,262,2,Vodafone,3061,13433,48.063967025000125,11.335689450020526,9884,-56,2025-05-15 02:31:22,True,4G,Germany,Bavaria Region,0.2066238189785959,0.07153338338120717,0.9883556426161715,1.0
UMTS,262,1,Telekom,3564,35491,48.12617422878614,11.342260198203988,9467,-56,2025-09-24 06:11:42,True,3G,Germany,Bavaria Region,0.4157337372713558,0.08473869432556841,0.942975296550223,1.0
UMTS,262,1,Telekom,3478,31835,48.07073844546433,11.305889877580585,6052,-81,2025-08-27 17:15:10,True,3G,Germany,Bavaria Region,0.2293859927111823,0.011644827452539695,0.5713352921971923,0.13793103448275862
UMTS,262,1,Telekom,2566,14707,48.263214128333765,11.595869222630233,3358,-64,2025-05-07 03:14:43,True,3G,Germany,Munich Metropolitan,0.8763942468776933,0.5944197736087268,0.2781586679725759,0.7241379310344828
GSM,262,7,O2,4281,24459,48.2432367067217,11.334906128155305,3828,-58,2025-04-01 21:33:20,True,2G,Germany,Bavaria Region,0.8092400147831577,0.06995913209186477,0.3293067798454674,0.9310344827586207
LTE,262,1,Telekom,3394,10531,48.16881173690804,11.656616553537681,3899,-80,2025-03-24 21:30:20,True,4G,Germany,Munich Metropolitan,0.5590599968834533,0.7165044086114678,0.3370334095113723,0.1724137931034483
LTE,262,1,Telekom,1564,14066,48.15907513246532,11.441504596827167,7044,-80,2025-06-07 08:13:50,True,4G,Germany,Munich Metropolitan,0.5263303380087336,0.28419134518256,0.6792904559799761,0.1724137931034483
LTE,262,7,O2,3047,40247,48.220624691883714,11.388377803499322,2307,-81,2025-04-28 13:06:41,True,4G,Germany,Bavaria Region,0.7332295805017588,0.1774217953865743,0.16378278376319513,0.13793103448275862
LTE,262,7,O2,1050,35300,48.29998506840385,11.330558343568082,5618,-81,2025-04-07 12:17:33,True,4G,Germany,Bavaria Region,1.0,0.06122133758348805,0.5241049080422244,0.13793103448275862
UMTS,262,1,Telekom,3544,19831,48.05134769891648,11.549419228322606,9732,-59,2025-01-23 04:01:33,True,3G,Germany,Munich Metropolitan,0.16420387264347755,0.5010686663878039,0.9718141255849385,0.896551724137931
NR,262,7,O2,4793,37481,48.13361264279805,11.424107215780953,8979,-75,2025-01-18 15:16:33,True,5G,Germany,Bavaria Region,0.44073801413305647,0.24922762112583396,0.8898683208183698,0.3448275862068966
LTE,262,2,Vodafone,4720,25874,48.18380714017819,11.786759942705038,7756,-77,2025-05-08 12:41:29,True,4G,Germany,Bavaria Region,0.6094671420651284,0.9780551290657276,0.7567744041789096,0.27586206896551724
LTE,262,2,Vodafone,3215,32994,48.01352578851823,11.501095975621856,8167,-83,2025-02-24 12:30:35,True,4G,Germany,Munich Metropolitan,0.037065275958441446,0.40395284944591353,0.8015017956252041,0.06896551724137931
LTE,262,2,Vodafone,4815,19166,48.061527380288744,11.585211702875698,6147,-58,2025-04-24 21:28:26,True,4G,Germany,Munich Metropolitan,0.19842293748559522,0.5730012291256911,0.5816737403417129,0.9310344827586207
LTE,262,1,Telekom,1645,34551,48.07813064056198,11.77437408041213,7996,-84,2025-08-29 05:18:43,True,4G,Germany,Bavaria Region,0.2542349043933605,0.9531631139823388,0.782892588965067,0.034482758620689655
UMTS,262,7,O2,3924,49139,48.281707016429216,11.355416330952362,9255,-82,2025-08-12 16:53:09,True,3G,Germany,Bavaria Region,0.9385582099444001,0.11117873112455103,0.9199042333224507,0.10344827586206896
LTE,262,7,O2,1357,37901,48.24867779966673,11.784471144809833,3086,-71,2025-07-18 16:58:23,True,4G,Germany,Bavaria Region,0.8275302839467056,0.9734553046544004,0.24855805854826424,0.4827586206896552
UMTS,262,7,O2,4444,49585,48.27189223415566,11.369297338806753,8974,-78,2025-05-25 16:33:59,True,3G,Germany,Bavaria Region,0.9055657557851542,0.13907555806424568,0.8893241919686582,0.2413793103448276
LTE,262,2,Vodafone,2329,23744,48.109677929930974,11.392034732604765,3988,-64,2025-03-06 03:44:46,True,4G,Germany,Bavaria Region,0.36028132186296175,0.1847711693985629,0.346718903036239,0.7241379310344828
UMTS,262,2,Vodafone,4965,21500,48.193682512940235,11.779422341797686,5107,-66,2025-09-18 03:04:46,True,3G,Germany,Bavaria Region,0.6426632715437247,0.9633086650616601,0.4684949396016977,0.6551724137931034
LTE,262,2,Vodafone,1750,39514,48.222745024885064,11.304276006408315,6686,-84,2025-02-07 14:00:32,True,4G,Germany,Bavaria Region,0.7403570936140833,0.008401411321086493,0.6403308303406247,0.034482758620689655
UMTS,262,1,Telekom,1193,33846,48.15508493886598,11.499771019479894,6688,-73,2025-07-03 07:26:02,True,3G,Germany,Munich Metropolitan,0.5129172763897041,0.40129006929459193,0.6405484818805093,0.41379310344827586
NR,262,2,Vodafone,2614,26623,48.21775070118375,11.737509599426366,3727,-82,2025-08-15 12:28:36,True,5G,Germany,Bavaria Region,0.7235686421559339,0.879076127138926,0.31831537708129287,0.10344827586206896
LTE,262,2,Vodafone,4008,39682,48.19795145255667,11.423990434957089,5765,-71,2025-09-07 00:33:46,True,4G,Germany,Bavaria Region,0.6570133397040088,0.2489929253121441,0.5401022962237458,0.4827586206896552
LTE,262,2,Vodafone,1292,12466,48.25626764690777,11.377772605678091,2295,-61,2024-11-23 17:33:53,True,4G,Germany,Bavaria Region,0.8530436045886115,0.15610840291654976,0.16247687452388726,0.8275862068965517
NR,262,2,Vodafone,3286,39093,48.1356920851605,11.768673782550566,2825,-77,2024-11-10 07:13:18,True,5G,Germany,Bavaria Region,0.4477280730979692,0.9417071574252317,0.2201545325933181,0.27586206896551724
